{
"key": [0],
"cols": ["id","nameId","unlockDescId","descIcon","mapNum","property","mapList","descId","pic"],
"vals": [
  [
    1,
    5000,
    5020,
    "area_1",
    9,
    [{"100":1200}],
    [1,9],
    50000,
    null
  ],
  [
    2,
    5001,
    5021,
    "area_2",
    12,
    [{"101":800}],
    [10,21],
    50001,
    "story-pic2"
  ],
  [
    3,
    5002,
    5022,
    "area_3",
    12,
    [{"102":2000}],
    [22,33],
    50002,
    "story-pic3"
  ],
  [
    4,
    5003,
    5023,
    "area_4",
    12,
    [{"5":1000}],
    [34,45],
    50003,
    "story-pic4"
  ],
  [
    5,
    5004,
    5024,
    "area_5",
    12,
    [{"104":10000}],
    [46,57],
    50004,
    "story-pic5"
  ],
  [
    6,
    5005,
    5025,
    "area_6",
    12,
    [{"105":2000}],
    [58,69],
    50005,
    "story-pic6"
  ],
  [
    7,
    5006,
    5026,
    "area_7",
    12,
    [{"13":300}],
    [70,81],
    50006,
    "story-pic7"
  ]
],
"id_list" : [1,
2,
3,
4,
5,
6,
7]
}
