{
"key": [0,1],
"cols": ["type","times","price"],
"vals": [
  [
    1,
    1,
    20
  ],
  [
    1,
    2,
    30
  ],
  [
    1,
    3,
    40
  ],
  [
    1,
    4,
    50
  ],
  [
    1,
    5,
    60
  ],
  [
    1,
    6,
    70
  ],
  [
    1,
    7,
    80
  ],
  [
    2,
    1,
    20
  ],
  [
    2,
    2,
    30
  ],
  [
    2,
    3,
    40
  ],
  [
    2,
    4,
    50
  ],
  [
    2,
    5,
    60
  ],
  [
    2,
    6,
    70
  ],
  [
    2,
    7,
    80
  ],
  [
    3,
    1,
    20
  ],
  [
    3,
    2,
    30
  ],
  [
    3,
    3,
    40
  ],
  [
    3,
    4,
    50
  ],
  [
    3,
    5,
    60
  ],
  [
    3,
    6,
    70
  ],
  [
    3,
    7,
    80
  ],
  [
    4,
    1,
    10
  ],
  [
    4,
    2,
    15
  ],
  [
    4,
    3,
    20
  ],
  [
    4,
    4,
    25
  ],
  [
    4,
    5,
    30
  ],
  [
    4,
    6,
    35
  ],
  [
    4,
    7,
    40
  ],
  [
    4,
    8,
    45
  ],
  [
    4,
    9,
    50
  ],
  [
    4,
    10,
    55
  ],
  [
    4,
    11,
    60
  ],
  [
    5,
    1,
    20
  ],
  [
    5,
    2,
    30
  ],
  [
    5,
    3,
    40
  ],
  [
    5,
    4,
    50
  ],
  [
    5,
    5,
    60
  ],
  [
    5,
    6,
    70
  ],
  [
    5,
    7,
    80
  ],
  [
    5,
    8,
    90
  ],
  [
    5,
    9,
    100
  ],
  [
    6,
    1,
    15
  ],
  [
    6,
    2,
    20
  ],
  [
    6,
    3,
    25
  ],
  [
    6,
    4,
    30
  ],
  [
    6,
    5,
    35
  ],
  [
    6,
    6,
    40
  ],
  [
    6,
    7,
    45
  ],
  [
    6,
    8,
    50
  ],
  [
    6,
    9,
    55
  ],
  [
    6,
    10,
    60
  ],
  [
    6,
    11,
    65
  ],
  [
    6,
    12,
    70
  ],
  [
    6,
    13,
    75
  ],
  [
    6,
    14,
    80
  ],
  [
    6,
    15,
    85
  ],
  [
    6,
    16,
    90
  ],
  [
    6,
    17,
    95
  ],
  [
    6,
    18,
    100
  ],
  [
    6,
    19,
    105
  ],
  [
    6,
    20,
    110
  ],
  [
    6,
    21,
    115
  ],
  [
    6,
    22,
    120
  ],
  [
    6,
    23,
    125
  ],
  [
    6,
    24,
    130
  ],
  [
    6,
    25,
    135
  ],
  [
    6,
    26,
    140
  ],
  [
    6,
    27,
    145
  ],
  [
    6,
    28,
    150
  ],
  [
    6,
    29,
    155
  ],
  [
    6,
    30,
    160
  ],
  [
    6,
    31,
    165
  ],
  [
    6,
    32,
    170
  ],
  [
    6,
    33,
    175
  ],
  [
    6,
    34,
    180
  ],
  [
    6,
    35,
    185
  ],
  [
    6,
    36,
    190
  ],
  [
    6,
    37,
    195
  ],
  [
    6,
    38,
    200
  ],
  [
    6,
    39,
    205
  ],
  [
    6,
    40,
    210
  ],
  [
    6,
    41,
    215
  ],
  [
    6,
    42,
    220
  ],
  [
    6,
    43,
    225
  ],
  [
    6,
    44,
    230
  ],
  [
    6,
    45,
    235
  ],
  [
    6,
    46,
    240
  ],
  [
    6,
    47,
    245
  ],
  [
    6,
    48,
    250
  ],
  [
    6,
    49,
    255
  ],
  [
    6,
    50,
    260
  ],
  [
    6,
    51,
    265
  ],
  [
    6,
    52,
    270
  ],
  [
    6,
    53,
    275
  ],
  [
    6,
    54,
    280
  ],
  [
    6,
    55,
    285
  ],
  [
    6,
    56,
    290
  ],
  [
    6,
    57,
    295
  ],
  [
    6,
    58,
    300
  ],
  [
    7,
    1,
    10
  ],
  [
    7,
    2,
    15
  ],
  [
    7,
    3,
    20
  ],
  [
    7,
    4,
    25
  ],
  [
    7,
    5,
    30
  ],
  [
    7,
    6,
    40
  ],
  [
    7,
    7,
    50
  ],
  [
    7,
    8,
    60
  ],
  [
    7,
    9,
    70
  ],
  [
    7,
    10,
    80
  ],
  [
    7,
    11,
    90
  ],
  [
    7,
    12,
    100
  ],
  [
    7,
    13,
    110
  ],
  [
    7,
    14,
    120
  ],
  [
    7,
    15,
    130
  ],
  [
    7,
    16,
    140
  ],
  [
    7,
    17,
    150
  ],
  [
    7,
    18,
    160
  ],
  [
    7,
    19,
    170
  ],
  [
    7,
    20,
    180
  ],
  [
    7,
    21,
    190
  ],
  [
    7,
    22,
    200
  ],
  [
    7,
    23,
    210
  ],
  [
    7,
    24,
    220
  ],
  [
    7,
    25,
    230
  ],
  [
    7,
    26,
    240
  ],
  [
    7,
    27,
    250
  ],
  [
    7,
    28,
    260
  ],
  [
    7,
    29,
    270
  ],
  [
    7,
    30,
    280
  ],
  [
    7,
    31,
    290
  ],
  [
    7,
    32,
    300
  ],
  [
    7,
    33,
    310
  ],
  [
    7,
    34,
    320
  ],
  [
    7,
    35,
    330
  ],
  [
    7,
    36,
    340
  ],
  [
    7,
    37,
    350
  ],
  [
    7,
    38,
    360
  ],
  [
    7,
    39,
    370
  ],
  [
    7,
    40,
    380
  ],
  [
    7,
    41,
    390
  ],
  [
    7,
    42,
    400
  ]
],
"max_times" : {"1": 7,
"2": 7,
"3": 7,
"4": 11,
"5": 9,
"6": 58,
"7": 42},
"type2times" : {"1": [1,2,3,4,5,6,7],
"2": [1,2,3,4,5,6,7],
"3": [1,2,3,4,5,6,7],
"4": [1,2,3,4,5,6,7,8,9,10,11],
"5": [1,2,3,4,5,6,7,8,9],
"6": [1,2,3,4,5,6,7,8,9,10,11,12,13,14,15,16,17,18,19,20,21,22,23,24,25,26,27,28,29,30,31,32,33,34,35,36,37,38,39,40,41,42,43,44,45,46,47,48,49,50,51,52,53,54,55,56,57,58],
"7": [1,2,3,4,5,6,7,8,9,10,11,12,13,14,15,16,17,18,19,20,21,22,23,24,25,26,27,28,29,30,31,32,33,34,35,36,37,38,39,40,41,42]},
"id_list" : [1,
2,
3]
}
