{
"key": [0],
"cols": ["id","order","red","iconDir","iconRes","toPanel","descId","tips","stageId","rule"],
"vals": [
  [
    1,
    1,
    2,
    "JieMian/XunLian",
    "icon_pvp",
    1,
    40000,
    40100,
    1,
    "有技能格子空着并且有技能可以装备"
  ],
  [
    2,
    1,
    2,
    "JieMian/JieSuan",
    "skill_unlock",
    1,
    40001,
    40101,
    1,
    "有技能格子没解锁，但是有钻石足够并且有技能可以装备"
  ],
  [
    3,
    1,
    1,
    "JieMian/XunLian",
    "icon_pvp",
    1,
    40002,
    40102,
    1,
    "有技能可以提升等级"
  ],
  [
    4,
    1,
    1,
    "JieMian/XunLian",
    "icon_jianshenfang",
    2,
    40003,
    40103,
    4,
    "健身房有属性可以进行升级并且金币足够"
  ],
  [
    5,
    1,
    1,
    "JieMian/XunLian",
    "icon_shaolinsi",
    3,
    40004,
    40104,
    9,
    "禅院有属性可以进行升级并且金币足够"
  ],
  [
    6,
    1,
    2,
    "JieMian/MeiRiBaoXiang",
    "icon_chouka",
    4,
    40005,
    40105,
    7,
    "贩卖机有免费次数可用"
  ],
  [
    7,
    1,
    1,
    "JieMian/XunLian",
    "icon-talent",
    5,
    40006,
    40106,
    16,
    "有足够的战利品和金币可以进行升级"
  ],
  [
    8,
    2,
    3,
    "JieMian/ChongWu",
    "caonima",
    6,
    40007,
    40107,
    1,
    "6元礼包没充值"
  ],
  [
    9,
    2,
    3,
    "JieMian/XunLian",
    "icon-pet",
    7,
    40008,
    40108,
    11,
    "有宠物解锁了但是没上阵"
  ],
  [
    10,
    2,
    3,
    "JieMian/XunLian",
    "icon-pet",
    7,
    40009,
    40109,
    11,
    "解锁了宠物功能但是没有获取旺财"
  ],
  [
    11,
    2,
    3,
    "JieMian/QiTa",
    "icon_tj",
    8,
    40010,
    40110,
    1,
    "在已经通关的章节中，有未获取的剧情碎片"
  ],
  [
    12,
    2,
    3,
    "JieMian/XunLian",
    "icon_barracks",
    9,
    40011,
    40111,
    6,
    "当前装备的武器，不是目前最好的武器"
  ],
  [
    13,
    3,
    3,
    "JieMian/MeiRiBaoXiang",
    "icon_chouka",
    4,
    40012,
    40112,
    7,
    "A<E"
  ],
  [
    14,
    3,
    3,
    "JieMian/XunLian",
    "icon_jianshenfang",
    2,
    40013,
    40113,
    4,
    "B<E"
  ],
  [
    15,
    3,
    3,
    "JieMian/XunLian",
    "icon_shaolinsi",
    3,
    40014,
    40114,
    9,
    "C<E"
  ],
  [
    16,
    3,
    3,
    "JieMian/ZhuJieMian",
    "PK_fail",
    10,
    40015,
    40115,
    17,
    "C<E并且战利品不足以升级天赋"
  ],
  [
    17,
    3,
    3,
    "JieMian/XunLian",
    "icon-talent",
    5,
    40016,
    40116,
    16,
    "C<E并且金币不足以升级天赋"
  ],
  [
    18,
    4,
    3,
    "JieMian/XunLian",
    "icon_pvp",
    1,
    40017,
    40117,
    1,
    "80>A>=E"
  ],
  [
    19,
    4,
    3,
    "JieMian/XunLian",
    "icon_jianshenfang",
    2,
    40018,
    40118,
    4,
    "80>B>=E"
  ],
  [
    20,
    4,
    3,
    "JieMian/XunLian",
    "icon_shaolinsi",
    3,
    40019,
    40119,
    9,
    "80>C>=E"
  ],
  [
    21,
    4,
    3,
    "JieMian/ZhuJieMian",
    "PK_fail",
    10,
    40020,
    40120,
    17,
    "80>D>=E并且战利品不足以升级天赋"
  ],
  [
    22,
    4,
    3,
    "JieMian/XunLian",
    "icon-talent",
    5,
    40021,
    40121,
    16,
    "80>D>=E并且金币不足以升级天赋"
  ],
  [
    23,
    4,
    3,
    "JieMian/ChongZhi",
    "icon-buy",
    11,
    40022,
    40122,
    1,
    "1元礼包没充值"
  ],
  [
    24,
    2,
    3,
    "JieMian/JieSuan",
    "skill_unlock",
    1,
    40023,
    40123,
    1,
    "有技能格子没解锁，有技能可以装备但是钻石不足"
  ]
],
"stage_list" : [1,
4,
6,
7,
9,
11,
16,
17],
"order_list" : [1,
2,
3,
4],
"id_list" : [1,
2,
3,
4,
5,
6,
7,
8,
9,
10,
11,
12,
13,
14,
15,
16,
17,
18,
19,
20,
21,
22,
23,
24],
"stage2id" : {"1": [1,2,3,8,11,18,23,24],
"4": [4,14,19],
"6": [12],
"7": [6,13],
"9": [5,15,20],
"11": [9,10],
"16": [7,17,22],
"17": [16,21]},
"order2id" : {"1": [1,2,3,4,5,6,7],
"2": [8,9,10,11,12,24],
"3": [13,14,15,16,17],
"4": [18,19,20,21,22,23]}
}
