{
"key": [0],
"cols": ["id","nameId","descId","property","effectDescId","price","survive","icon"],
"vals": [
  [
    1,
    6000,
    6100,
    [{"11":1000}],
    6200,
    8,
    480,
    "alcohol_1"
  ],
  [
    2,
    6001,
    6101,
    [{"12":5000}],
    6201,
    8,
    480,
    "alcohol_2"
  ],
  [
    3,
    6002,
    6102,
    [{"13":50}],
    6202,
    8,
    480,
    "alcohol_3"
  ],
  [
    4,
    6003,
    6103,
    [{"5":1500}],
    6203,
    8,
    480,
    "alcohol_4"
  ]
],
"id_list" : [1,
2,
3,
4]
}
