{
"key": [0],
"cols": ["id","group","lvl","posx","idle"],
"vals": [
  [
    1,
    1,
    0,
    "640/2",
    20
  ],
  [
    2,
    2,
    0,
    "720/4*1",
    20
  ],
  [
    3,
    2,
    0,
    "720/4*3",
    20
  ],
  [
    4,
    3,
    0,
    "720/8*3",
    20
  ],
  [
    5,
    3,
    0,
    "720/8*2",
    120
  ],
  [
    6,
    3,
    0,
    "720/8*1",
    220
  ],
  [
    7,
    4,
    1,
    "720/8*3",
    20
  ],
  [
    8,
    4,
    1,
    "720/8*2",
    120
  ],
  [
    9,
    4,
    1,
    "720/8*1",
    220
  ],
  [
    10,
    5,
    1,
    "720/9*3",
    20
  ],
  [
    11,
    5,
    1,
    "720/9*4",
    20
  ],
  [
    12,
    5,
    1,
    "720/9*5",
    20
  ],
  [
    13,
    5,
    1,
    "720/9*6",
    20
  ],
  [
    14,
    6,
    2,
    "720/8*1",
    20
  ],
  [
    15,
    6,
    2,
    "720/8*2",
    20
  ],
  [
    16,
    6,
    2,
    "720/8*6",
    20
  ],
  [
    17,
    6,
    2,
    "720/8*7",
    20
  ],
  [
    18,
    7,
    2,
    "720/9*1",
    20
  ],
  [
    19,
    7,
    2,
    "720/9*2",
    120
  ],
  [
    20,
    7,
    2,
    "720/9*3",
    220
  ],
  [
    21,
    7,
    2,
    "720/9*4",
    320
  ],
  [
    22,
    7,
    2,
    "720/9*5",
    420
  ],
  [
    23,
    8,
    3,
    "720/9*8",
    20
  ],
  [
    24,
    8,
    3,
    "720/9*7",
    120
  ],
  [
    25,
    8,
    3,
    "720/9*6",
    220
  ],
  [
    26,
    8,
    3,
    "720/9*5",
    320
  ],
  [
    27,
    8,
    3,
    "720/9*4",
    420
  ],
  [
    28,
    9,
    3,
    "720/9*8",
    20
  ],
  [
    29,
    9,
    3,
    "720/9*1",
    20
  ],
  [
    30,
    9,
    3,
    "720/9*7",
    120
  ],
  [
    31,
    9,
    3,
    "720/9*2",
    120
  ],
  [
    32,
    9,
    3,
    "720/9*6",
    220
  ],
  [
    33,
    9,
    3,
    "720/9*3",
    220
  ],
  [
    34,
    10,
    4,
    "720/11*3",
    20
  ],
  [
    35,
    10,
    4,
    "720/11*4",
    20
  ],
  [
    36,
    10,
    4,
    "720/11*5",
    20
  ],
  [
    37,
    10,
    4,
    "720/11*6",
    20
  ],
  [
    38,
    10,
    4,
    "720/11*7",
    20
  ],
  [
    39,
    10,
    4,
    "720/11*8",
    20
  ],
  [
    40,
    11,
    5,
    "720/11*1",
    20
  ],
  [
    41,
    11,
    5,
    "720/11*2",
    20
  ],
  [
    42,
    11,
    5,
    "720/11*5",
    20
  ],
  [
    43,
    11,
    5,
    "720/11*6",
    20
  ],
  [
    44,
    11,
    5,
    "720/11*9",
    20
  ],
  [
    45,
    11,
    5,
    "720/11*10",
    20
  ],
  [
    46,
    12,
    6,
    "720/16*3",
    20
  ],
  [
    47,
    12,
    6,
    "720/16*5",
    120
  ],
  [
    48,
    12,
    6,
    "720/16*7",
    220
  ],
  [
    49,
    12,
    6,
    "720/16*9",
    320
  ],
  [
    50,
    12,
    6,
    "720/16*11",
    420
  ],
  [
    51,
    12,
    6,
    "720/16*13",
    520
  ],
  [
    52,
    13,
    6,
    "720/22*3",
    20
  ],
  [
    53,
    13,
    6,
    "720/22*7",
    220
  ],
  [
    54,
    13,
    6,
    "720/22*15",
    420
  ],
  [
    55,
    13,
    6,
    "720/22*9",
    620
  ],
  [
    56,
    13,
    6,
    "720/22*19",
    820
  ],
  [
    57,
    13,
    6,
    "720/22*5",
    1020
  ],
  [
    58,
    13,
    6,
    "720/22*28",
    1220
  ],
  [
    59,
    13,
    6,
    "720/22*13",
    1420
  ],
  [
    60,
    14,
    6,
    "720/22*3",
    20
  ],
  [
    61,
    14,
    6,
    "720/22*7",
    220
  ],
  [
    62,
    14,
    6,
    "720/22*15",
    420
  ],
  [
    63,
    14,
    6,
    "720/22*9",
    620
  ],
  [
    64,
    14,
    6,
    "720/22*19",
    820
  ],
  [
    65,
    14,
    6,
    "720/22*5",
    1020
  ],
  [
    66,
    14,
    6,
    "720/22*28",
    1220
  ],
  [
    67,
    14,
    6,
    "720/22*13",
    1420
  ],
  [
    68,
    15,
    6,
    "720/22*3",
    20
  ],
  [
    69,
    15,
    6,
    "720/22*7",
    220
  ],
  [
    70,
    15,
    6,
    "720/22*15",
    420
  ],
  [
    71,
    15,
    6,
    "720/22*9",
    620
  ],
  [
    72,
    15,
    6,
    "720/22*19",
    820
  ],
  [
    73,
    15,
    6,
    "720/22*5",
    1020
  ],
  [
    74,
    15,
    6,
    "720/22*28",
    1220
  ],
  [
    75,
    15,
    6,
    "720/22*13",
    1420
  ]
],
"groups" : {"1": [1],
"2": [2,3],
"3": [4,5,6],
"4": [7,8,9],
"5": [10,11,12,13],
"6": [14,15,16,17],
"7": [18,19,20,21,22],
"8": [23,24,25,26,27],
"9": [28,29,30,31,32,33],
"10": [34,35,36,37,38,39],
"11": [40,41,42,43,44,45],
"12": [46,47,48,49,50,51],
"13": [52,53,54,55,56,57,58,59],
"14": [60,61,62,63,64,65,66,67],
"15": [68,69,70,71,72,73,74,75]},
"max_group" : [15]
}
