{
"key": [0],
"cols": ["id","stageTime","maxNum","lvModify","monsterIdle","monsterList"],
"vals": [
  [
    1,
    10000,
    1,
    [-15,-14],
    [300,500],
    [100001,100003,100004,100005]
  ],
  [
    2,
    10000,
    2,
    [-13,-12],
    [300,500],
    [100006,100007,100031]
  ],
  [
    3,
    15000,
    2,
    [-5,-4],
    [300,500],
    [100006,100007,100031]
  ],
  [
    4,
    15000,
    2,
    [-4,-3],
    [300,500],
    [100008,100028,100026]
  ],
  [
    5,
    20000,
    3,
    [-3,-3],
    [300,500],
    [100008,100028,100026]
  ],
  [
    6,
    20000,
    3,
    [-2,-2],
    [300,500],
    [100012,100019,100033]
  ],
  [
    7,
    20000,
    4,
    [-1,-1],
    [300,500],
    [100012,100019,100033]
  ],
  [
    8,
    20000,
    4,
    [-1,-1],
    [300,500],
    [100009,100021,100020]
  ],
  [
    9,
    25000,
    4,
    [-1,-1],
    [300,500],
    [100009,100021,100020]
  ],
  [
    10,
    25000,
    4,
    [-1,-1],
    [300,500],
    [100009,100021,100020]
  ],
  [
    11,
    25000,
    4,
    [-1,-1],
    [300,500],
    [100009,100021,100020]
  ]
],
"id_list" : [1,
2,
3,
4,
5,
6,
7,
8,
9,
10,
11],
"length" : [11]
}
