{
"key": [0,1],
"cols": ["mod","key","value"],
"vals": [
  [
    "arean",
    "arena_protect_area",
    [10000,5001]
  ],
  [
    "arena",
    "arena_activity_id",
    6
  ],
  [
    "arena",
    "arena_open_stage",
    17
  ],
  [
    "arena",
    "arena_pk_buy",
    3
  ],
  [
    "arena",
    "arena_pk_count_cd",
    10800
  ],
  [
    "arena",
    "arena_pk_max",
    5
  ],
  [
    "arena",
    "arena_pk_restore",
    1
  ],
  [
    "arena",
    "arena_rank_max",
    10000
  ],
  [
    "arena",
    "arena_special_battle_count",
    2
  ],
  [
    "arena",
    "arena_video_pk_limit",
    5
  ],
  [
    "arena",
    "rank_treasure_ad_count",
    2
  ],
  [
    "arena",
    "rank_treasure_free_count",
    1
  ],
  [
    "challenge",
    "init_times",
    1
  ],
  [
    "challenge",
    "reset_time",
    [12,24]
  ],
  [
    "challenge",
    "type_list",
    [1,2,3]
  ],
  [
    "customer_service",
    "kefu_award",
    [{"gem":30}]
  ],
  [
    "customer_service",
    "kefu_award_times",
    1
  ],
  [
    "exchange",
    "break_rate",
    [{"1":7000},{"2":2500},{"3":400},{"5":100}]
  ],
  [
    "exchange",
    "gem2vigor",
    60
  ],
  [
    "exchange",
    "type_gem2gold",
    4
  ],
  [
    "exchange",
    "type_gem2vigor",
    5
  ],
  [
    "gem",
    "gem_id",
    1
  ],
  [
    "gift",
    "open_stage",
    4
  ],
  [
    "gift_bag",
    "need_stage_type_1",
    5
  ],
  [
    "gift_bag",
    "need_stage_type_2",
    16
  ],
  [
    "gold",
    "gold_id",
    2
  ],
  [
    "guide",
    "guide_5_4",
    [5,6]
  ],
  [
    "init_weapon",
    "init_weapon_use",
    101
  ],
  [
    "invite",
    "off_reward_max_time",
    14400
  ],
  [
    "invite",
    "off_reward_period",
    1440
  ],
  [
    "lucky",
    "first_reward",
    [{"5":6}]
  ],
  [
    "lucky",
    "lucky_one",
    28
  ],
  [
    "lucky",
    "lucky_one_free_count",
    3
  ],
  [
    "lucky",
    "lucky_ten",
    252
  ],
  [
    "lucky",
    "special_num",
    [6,8]
  ],
  [
    "misc",
    "client_counter",
    [{"1":2},{"2":0}]
  ],
  [
    "misc",
    "gold_egg_count",
    1
  ],
  [
    "misc",
    "gold_egg_reward_rate",
    2
  ],
  [
    "payment",
    "plan2_one_time_buy_product",
    [{"1":10},{"2":60},{"12":880},{"51":180}]
  ],
  [
    "pet",
    "active_pet_stage",
    11
  ],
  [
    "pet",
    "buy_alpaca_price",
    [{"gem":80}]
  ],
  [
    "pet",
    "buy_dog_price",
    [{"gem":50}]
  ],
  [
    "pet",
    "feed_battle",
    20
  ],
  [
    "pet",
    "feed_cost_gem",
    8
  ],
  [
    "pet",
    "feed_max",
    100
  ],
  [
    "pet",
    "feed_restore_cd",
    180
  ],
  [
    "pet",
    "feed_restore_point",
    1
  ],
  [
    "pet",
    "pet1_active_ad_times",
    3
  ],
  [
    "pet",
    "pet2_active_ad_times",
    5
  ],
  [
    "pet",
    "pet2_unlock_day",
    3
  ],
  [
    "pet",
    "pet_full_tips",
    [33200,33201,33202]
  ],
  [
    "pet",
    "pet_hungry_tips",
    [33100,33101,33102]
  ],
  [
    "pet",
    "special_channel_pet",
    []
  ],
  [
    "pet",
    "trail_pet_stage_win_count",
    6
  ],
  [
    "player",
    "gold2exp",
    1.333
  ],
  [
    "player",
    "init_magic",
    10
  ],
  [
    "player",
    "init_property",
    [{"4":6},{"9":9},{"10":4},{"11":500},{"5":5000},{"106":4},{"107":100}]
  ],
  [
    "player",
    "init_vigor",
    60
  ],
  [
    "player",
    "vigor_cd",
    360
  ],
  [
    "promote",
    "promote_pos_total",
    0
  ],
  [
    "promote",
    "promote_reset_list",
    [{"2":1563176795}]
  ],
  [
    "promote",
    "promote_reward",
    {"gem":10}
  ],
  [
    "promote",
    "promote_reward_cd",
    1
  ],
  [
    "rank",
    "refresh_time",
    24
  ],
  [
    "role",
    "special_unlock_skin",
    [2]
  ],
  [
    "sign",
    "ad_reward_cd",
    1
  ],
  [
    "sign",
    "ad_reward_gem",
    [{"14":2500},{"15":5000},{"16":2500}]
  ],
  [
    "sign",
    "ad_reward_gold",
    [{"1":4000},{"2":4000},{"3":2000}]
  ],
  [
    "sign",
    "ad_reward_times",
    10
  ],
  [
    "sign",
    "ad_reward_type",
    [{"gem":5000},{"gold":2500},{"vigor":2500}]
  ],
  [
    "sign",
    "ad_reward_vigor",
    [{"28":2500},{"30":5000},{"32":2500}]
  ],
  [
    "skill",
    "extra_unlock_condition",
    [[14,3000]]
  ],
  [
    "skill",
    "long",
    2
  ],
  [
    "skill",
    "short",
    1
  ],
  [
    "skill",
    "special_unlock_condition",
    [14]
  ],
  [
    "skill",
    "special_unlock_gem_buy",
    200
  ],
  [
    "skill",
    "stage1",
    1
  ],
  [
    "skill",
    "stage2",
    5
  ],
  [
    "skill",
    "stage3",
    12
  ],
  [
    "skill",
    "stage4",
    20
  ],
  [
    "skill",
    "stage5",
    25
  ],
  [
    "stage",
    "1",
    [0,30]
  ],
  [
    "stage",
    "2",
    [31,40]
  ],
  [
    "stage",
    "3",
    [41,60]
  ],
  [
    "stage",
    "4",
    [61,999]
  ],
  [
    "stage",
    "air_bag_open_stage",
    3
  ],
  [
    "stage",
    "air_bag_reward_gem",
    [{"4":3000},{"5":2820},{"6":2000},{"7":1800},{"8":200},{"9":100},{"10":50},{"11":20},{"12":10}]
  ],
  [
    "stage",
    "air_bag_reward_skill",
    [{"1":9000},{"2":990},{"3":6},{"4":3},{"5":1}]
  ],
  [
    "stage",
    "air_bag_survive_time",
    300
  ],
  [
    "stage",
    "air_bag_win_count",
    2
  ],
  [
    "stage",
    "battle_extra_award",
    [{"1":3000},{"2":5000},{"3":2000}]
  ],
  [
    "stage",
    "battle_extra_award_count",
    5
  ],
  [
    "stage",
    "battle_extra_award_rate",
    6000
  ],
  [
    "stage",
    "clean_card_count_per_time",
    3
  ],
  [
    "stage",
    "clean_card_daily_times",
    2
  ],
  [
    "stage",
    "cost_card_per_stage",
    1
  ],
  [
    "stage",
    "daily_times",
    3
  ],
  [
    "stage",
    "drop_skill_desc_rate",
    1000
  ],
  [
    "stage",
    "drop_skill_max_rate",
    9500
  ],
  [
    "stage",
    "drop_skill_min_rate",
    1500
  ],
  [
    "stage",
    "monster_data_change_version",
    201909031
  ],
  [
    "stage",
    "share_cartoon_count",
    1
  ],
  [
    "stage",
    "unlimit_drop_stage",
    [1,9]
  ],
  [
    "stage",
    "video_relife_limit",
    3
  ],
  [
    "talent",
    "average_lvl",
    20
  ],
  [
    "turntable",
    "big_gold_rate",
    1.3
  ],
  [
    "turntable",
    "count_for_day",
    3
  ],
  [
    "turntable",
    "small_gold_rate",
    0.8
  ],
  [
    "turntable",
    "video_to_ticket",
    2
  ],
  [
    "vip",
    "month_card_daily_gem",
    50
  ],
  [
    "vip",
    "month_clean_card",
    5
  ],
  [
    "vip",
    "subscribe_daily_gem",
    40
  ],
  [
    "vip",
    "subscribe_gem",
    180
  ],
  [
    "vip",
    "subscribe_skip_ad",
    10
  ],
  [
    "weapon",
    "long",
    7201
  ],
  [
    "weapon",
    "player_use_type",
    1
  ],
  [
    "weapon",
    "short",
    7200
  ],
  [
    "weapon",
    "special_unlock_condition",
    [112]
  ],
  [
    "weapon",
    "special_unlock_gem_buy",
    40
  ]
]
}
