{
"key": [0],
"cols": ["num","wealth","property"],
"vals": [
  [
    1,
    {"gem":100},
    {}
  ],
  [
    2,
    {},
    {"101":1000}
  ],
  [
    3,
    {"vigor":100},
    {}
  ],
  [
    4,
    {"gold":20000},
    {}
  ],
  [
    5,
    {"gem":100},
    {}
  ],
  [
    6,
    {},
    {"100":1000}
  ],
  [
    7,
    {"vigor":100},
    {}
  ],
  [
    8,
    {"gold":40000},
    {}
  ],
  [
    9,
    {"gem":100},
    {}
  ],
  [
    10,
    {},
    {"101":1000}
  ],
  [
    11,
    {"vigor":100},
    {}
  ],
  [
    12,
    {"gold":60000},
    {}
  ],
  [
    13,
    {"gem":100},
    {}
  ],
  [
    14,
    {},
    {"100":1000}
  ],
  [
    15,
    {"vigor":100},
    {}
  ],
  [
    16,
    {"gold":80000},
    {}
  ],
  [
    17,
    {"gem":100},
    {}
  ],
  [
    18,
    {},
    {"101":1000}
  ],
  [
    19,
    {"vigor":100},
    {}
  ],
  [
    20,
    {"gold":100000},
    {}
  ]
],
"id_list" : [1,
2,
3,
4,
5,
6,
7,
8,
9,
10,
11,
12,
13,
14,
15,
16,
17,
18,
19,
20]
}
