{
"key": [0],
"cols": ["lvl","exp","reward","titleId","gold","addAtkByAd","winAward","failAward","titleId1"],
"vals": [
  [
    1,
    612,
    [{"gold":0}],
    4200,
    6800,
    1875,
    [{"magic":10},{"gold":1275}],
    [{"magic":5},{"gold":1275}],
    4100
  ],
  [
    2,
    690,
    [{"gold":1000}],
    4201,
    6900,
    2400,
    [{"magic":10},{"gold":1295}],
    [{"magic":5},{"gold":1295}],
    4101
  ],
  [
    3,
    696,
    [{"gold":1500}],
    4202,
    7050,
    2830,
    [{"magic":10},{"gold":1323}],
    [{"magic":5},{"gold":1323}],
    4102
  ],
  [
    4,
    710,
    [{"gold":2000}],
    4203,
    7250,
    3157,
    [{"magic":10},{"gold":1360}],
    [{"magic":5},{"gold":1360}],
    4103
  ],
  [
    5,
    715,
    [{"gold":2500}],
    4204,
    7500,
    3387,
    [{"magic":10},{"gold":1408}],
    [{"magic":5},{"gold":1408}],
    4104
  ],
  [
    6,
    792,
    [{"gold":3000}],
    4205,
    7800,
    3529,
    [{"magic":10},{"gold":1463}],
    [{"magic":5},{"gold":1463}],
    4105
  ],
  [
    7,
    823,
    [{"gold":3500}],
    4206,
    8150,
    3600,
    [{"magic":10},{"gold":1530}],
    [{"magic":5},{"gold":1530}],
    4106
  ],
  [
    8,
    868,
    [{"gold":4000}],
    4207,
    8550,
    3614,
    [{"magic":10},{"gold":1605}],
    [{"magic":5},{"gold":1605}],
    4107
  ],
  [
    9,
    930,
    [{"gold":4500}],
    4208,
    9000,
    3586,
    [{"magic":10},{"gold":1688}],
    [{"magic":5},{"gold":1688}],
    4108
  ],
  [
    10,
    1710,
    [{"gold":5000}],
    4209,
    9500,
    3529,
    [{"magic":10},{"gold":1783}],
    [{"magic":5},{"gold":1783}],
    4109
  ],
  [
    11,
    1910,
    [{"gold":5500}],
    4210,
    10050,
    3451,
    [{"magic":10},{"gold":1885}],
    [{"magic":5},{"gold":1885}],
    4110
  ],
  [
    12,
    2130,
    [{"gold":6000}],
    4211,
    10650,
    3360,
    [{"magic":10},{"gold":1998}],
    [{"magic":5},{"gold":1998}],
    4111
  ],
  [
    13,
    2373,
    [{"gold":6500}],
    4212,
    11300,
    3260,
    [{"magic":10},{"gold":2120}],
    [{"magic":5},{"gold":2120}],
    4112
  ],
  [
    14,
    2640,
    [{"gold":7000}],
    4213,
    12000,
    3157,
    [{"magic":10},{"gold":2250}],
    [{"magic":5},{"gold":2250}],
    4113
  ],
  [
    15,
    2933,
    [{"gold":7500}],
    4214,
    12750,
    3053,
    [{"magic":10},{"gold":2393}],
    [{"magic":5},{"gold":2393}],
    4114
  ],
  [
    16,
    3252,
    [{"gold":8000}],
    4215,
    13550,
    2950,
    [{"magic":10},{"gold":2543}],
    [{"magic":5},{"gold":2543}],
    4115
  ],
  [
    17,
    3600,
    [{"gold":8500}],
    4216,
    14400,
    2850,
    [{"magic":10},{"gold":2700}],
    [{"magic":5},{"gold":2700}],
    4116
  ],
  [
    18,
    3978,
    [{"gold":9000}],
    4217,
    15300,
    2752,
    [{"magic":10},{"gold":2870}],
    [{"magic":5},{"gold":2870}],
    4117
  ],
  [
    19,
    4388,
    [{"gold":9500}],
    4218,
    16250,
    2658,
    [{"magic":10},{"gold":3048}],
    [{"magic":5},{"gold":3048}],
    4118
  ],
  [
    20,
    4830,
    [{"gold":10000}],
    4219,
    17250,
    2568,
    [{"magic":10},{"gold":3235}],
    [{"magic":5},{"gold":3235}],
    4119
  ],
  [
    21,
    5307,
    [{"gold":11000}],
    4220,
    18300,
    2482,
    [{"magic":10},{"gold":3433}],
    [{"magic":5},{"gold":3433}],
    4120
  ],
  [
    22,
    5820,
    [{"gold":12000}],
    4221,
    19400,
    2400,
    [{"magic":10},{"gold":3638}],
    [{"magic":5},{"gold":3638}],
    4121
  ],
  [
    23,
    6371,
    [{"gold":13000}],
    4222,
    20550,
    2321,
    [{"magic":10},{"gold":3855}],
    [{"magic":5},{"gold":3855}],
    4122
  ],
  [
    24,
    6960,
    [{"gold":14000}],
    4223,
    21750,
    2247,
    [{"magic":10},{"gold":4080}],
    [{"magic":5},{"gold":4080}],
    4123
  ],
  [
    25,
    7590,
    [{"gold":15000}],
    4224,
    23000,
    2177,
    [{"magic":10},{"gold":4313}],
    [{"magic":5},{"gold":4313}],
    4124
  ],
  [
    26,
    8262,
    [{"gold":16000}],
    4225,
    24300,
    2110,
    [{"magic":10},{"gold":4558}],
    [{"magic":5},{"gold":4558}],
    4125
  ],
  [
    27,
    8978,
    [{"gold":17000}],
    4226,
    25650,
    2047,
    [{"magic":10},{"gold":4810}],
    [{"magic":5},{"gold":4810}],
    4126
  ],
  [
    28,
    9738,
    [{"gold":18000}],
    4227,
    27050,
    1986,
    [{"magic":10},{"gold":5073}],
    [{"magic":5},{"gold":5073}],
    4127
  ],
  [
    29,
    10545,
    [{"gold":19000}],
    4228,
    28500,
    1929,
    [{"magic":10},{"gold":5345}],
    [{"magic":5},{"gold":5345}],
    4128
  ],
  [
    30,
    11400,
    [{"gold":20000}],
    4229,
    30000,
    1875,
    [{"magic":10},{"gold":5625}],
    [{"magic":5},{"gold":5625}],
    4129
  ],
  [
    31,
    12305,
    [{"gold":21000}],
    4230,
    31550,
    1823,
    [{"magic":10},{"gold":5918}],
    [{"magic":5},{"gold":5918}],
    4130
  ],
  [
    32,
    13260,
    [{"gold":22000}],
    4231,
    33150,
    1773,
    [{"magic":10},{"gold":6218}],
    [{"magic":5},{"gold":6218}],
    4131
  ],
  [
    33,
    14268,
    [{"gold":23000}],
    4232,
    34800,
    1726,
    [{"magic":10},{"gold":6525}],
    [{"magic":5},{"gold":6525}],
    4132
  ],
  [
    34,
    15330,
    [{"gold":24000}],
    4233,
    36500,
    1682,
    [{"magic":10},{"gold":6845}],
    [{"magic":5},{"gold":6845}],
    4133
  ],
  [
    35,
    16448,
    [{"gold":25000}],
    4234,
    38250,
    1639,
    [{"magic":10},{"gold":7173}],
    [{"magic":5},{"gold":7173}],
    4134
  ],
  [
    36,
    17622,
    [{"gold":26000}],
    4235,
    40050,
    1598,
    [{"magic":10},{"gold":7510}],
    [{"magic":5},{"gold":7510}],
    4135
  ],
  [
    37,
    18855,
    [{"gold":27000}],
    4236,
    41900,
    1560,
    [{"magic":10},{"gold":7858}],
    [{"magic":5},{"gold":7858}],
    4136
  ],
  [
    38,
    20148,
    [{"gold":28000}],
    4237,
    43800,
    1522,
    [{"magic":10},{"gold":8213}],
    [{"magic":5},{"gold":8213}],
    4137
  ],
  [
    39,
    21503,
    [{"gold":29000}],
    4238,
    45750,
    1487,
    [{"magic":10},{"gold":8580}],
    [{"magic":5},{"gold":8580}],
    4138
  ],
  [
    40,
    22920,
    [{"gold":30000}],
    4239,
    47750,
    1453,
    [{"magic":10},{"gold":8955}],
    [{"magic":5},{"gold":8955}],
    4139
  ],
  [
    41,
    24402,
    [{"gold":31000}],
    4240,
    49800,
    1420,
    [{"magic":10},{"gold":9338}],
    [{"magic":5},{"gold":9338}],
    4140
  ],
  [
    42,
    25950,
    [{"gold":32000}],
    4241,
    51900,
    1389,
    [{"magic":10},{"gold":9733}],
    [{"magic":5},{"gold":9733}],
    4141
  ],
  [
    43,
    27566,
    [{"gold":33000}],
    4242,
    54050,
    1359,
    [{"magic":10},{"gold":10135}],
    [{"magic":5},{"gold":10135}],
    4142
  ],
  [
    44,
    29250,
    [{"gold":34000}],
    4243,
    56250,
    1330,
    [{"magic":10},{"gold":10548}],
    [{"magic":5},{"gold":10548}],
    4143
  ],
  [
    45,
    31005,
    [{"gold":35000}],
    4244,
    58500,
    1303,
    [{"magic":10},{"gold":10970}],
    [{"magic":5},{"gold":10970}],
    4144
  ],
  [
    46,
    32832,
    [{"gold":36000}],
    4245,
    60800,
    1276,
    [{"magic":10},{"gold":11400}],
    [{"magic":5},{"gold":11400}],
    4145
  ],
  [
    47,
    34733,
    [{"gold":37000}],
    4246,
    63150,
    1251,
    [{"magic":10},{"gold":11843}],
    [{"magic":5},{"gold":11843}],
    4146
  ],
  [
    48,
    36708,
    [{"gold":38000}],
    4247,
    65550,
    1226,
    [{"magic":10},{"gold":12293}],
    [{"magic":5},{"gold":12293}],
    4147
  ],
  [
    49,
    38760,
    [{"gold":39000}],
    4248,
    68000,
    1202,
    [{"magic":10},{"gold":12750}],
    [{"magic":5},{"gold":12750}],
    4148
  ],
  [
    50,
    40890,
    [{"gold":40000}],
    4249,
    70500,
    1180,
    [{"magic":10},{"gold":13220}],
    [{"magic":5},{"gold":13220}],
    4149
  ],
  [
    51,
    43100,
    [{"gold":41000}],
    4250,
    73050,
    1158,
    [{"magic":10},{"gold":13698}],
    [{"magic":5},{"gold":13698}],
    4150
  ],
  [
    52,
    45390,
    [{"gold":42000}],
    4251,
    75650,
    1136,
    [{"magic":10},{"gold":14185}],
    [{"magic":5},{"gold":14185}],
    4151
  ],
  [
    53,
    47763,
    [{"gold":43000}],
    4252,
    78300,
    1116,
    [{"magic":10},{"gold":14683}],
    [{"magic":5},{"gold":14683}],
    4152
  ],
  [
    54,
    50220,
    [{"gold":44000}],
    4253,
    81000,
    1096,
    [{"magic":10},{"gold":15188}],
    [{"magic":5},{"gold":15188}],
    4153
  ],
  [
    55,
    52763,
    [{"gold":45000}],
    4254,
    83750,
    1077,
    [{"magic":10},{"gold":15705}],
    [{"magic":5},{"gold":15705}],
    4154
  ],
  [
    56,
    55392,
    [{"gold":46000}],
    4255,
    86550,
    1059,
    [{"magic":10},{"gold":16230}],
    [{"magic":5},{"gold":16230}],
    4155
  ],
  [
    57,
    58110,
    [{"gold":47000}],
    4256,
    89400,
    1041,
    [{"magic":10},{"gold":16763}],
    [{"magic":5},{"gold":16763}],
    4156
  ],
  [
    58,
    60918,
    [{"gold":48000}],
    4257,
    92300,
    1023,
    [{"magic":10},{"gold":17308}],
    [{"magic":5},{"gold":17308}],
    4157
  ],
  [
    59,
    63818,
    [{"gold":49000}],
    4258,
    95250,
    1007,
    [{"magic":10},{"gold":17860}],
    [{"magic":5},{"gold":17860}],
    4158
  ],
  [
    60,
    67648,
    [{"gold":50000}],
    4259,
    98250,
    1000,
    [{"magic":10},{"gold":18423}],
    [{"magic":5},{"gold":18423}],
    4159
  ],
  [
    61,
    71707,
    [{"gold":51000}],
    4260,
    101198,
    1000,
    [{"magic":10},{"gold":18423}],
    [{"magic":5},{"gold":18423}],
    4159
  ],
  [
    62,
    76010,
    [{"gold":52000}],
    4261,
    104234,
    1000,
    [{"magic":10},{"gold":18423}],
    [{"magic":5},{"gold":18423}],
    4159
  ],
  [
    63,
    80571,
    [{"gold":53000}],
    4262,
    107362,
    1000,
    [{"magic":10},{"gold":18423}],
    [{"magic":5},{"gold":18423}],
    4159
  ],
  [
    64,
    85406,
    [{"gold":54000}],
    4263,
    110583,
    1000,
    [{"magic":10},{"gold":18423}],
    [{"magic":5},{"gold":18423}],
    4159
  ],
  [
    65,
    90531,
    [{"gold":55000}],
    4264,
    113901,
    1000,
    [{"magic":10},{"gold":18423}],
    [{"magic":5},{"gold":18423}],
    4159
  ],
  [
    66,
    95963,
    [{"gold":56000}],
    4265,
    117319,
    1000,
    [{"magic":10},{"gold":18423}],
    [{"magic":5},{"gold":18423}],
    4159
  ],
  [
    67,
    101721,
    [{"gold":57000}],
    4266,
    120839,
    1000,
    [{"magic":10},{"gold":18423}],
    [{"magic":5},{"gold":18423}],
    4159
  ],
  [
    68,
    107825,
    [{"gold":58000}],
    4267,
    124465,
    1000,
    [{"magic":10},{"gold":18423}],
    [{"magic":5},{"gold":18423}],
    4159
  ],
  [
    69,
    114295,
    [{"gold":59000}],
    4268,
    128199,
    1000,
    [{"magic":10},{"gold":18423}],
    [{"magic":5},{"gold":18423}],
    4159
  ],
  [
    70,
    121153,
    [{"gold":60000}],
    4269,
    132045,
    1000,
    [{"magic":10},{"gold":18423}],
    [{"magic":5},{"gold":18423}],
    4159
  ],
  [
    71,
    128423,
    [{"gold":61000}],
    4270,
    136007,
    1000,
    [{"magic":10},{"gold":18423}],
    [{"magic":5},{"gold":18423}],
    4159
  ],
  [
    72,
    136129,
    [{"gold":62000}],
    4271,
    140088,
    1000,
    [{"magic":10},{"gold":18423}],
    [{"magic":5},{"gold":18423}],
    4159
  ],
  [
    73,
    144297,
    [{"gold":63000}],
    4272,
    144291,
    1000,
    [{"magic":10},{"gold":18423}],
    [{"magic":5},{"gold":18423}],
    4159
  ],
  [
    74,
    152955,
    [{"gold":64000}],
    4273,
    148620,
    1000,
    [{"magic":10},{"gold":18423}],
    [{"magic":5},{"gold":18423}],
    4159
  ],
  [
    75,
    162133,
    [{"gold":65000}],
    4274,
    153079,
    1000,
    [{"magic":10},{"gold":18423}],
    [{"magic":5},{"gold":18423}],
    4159
  ],
  [
    76,
    171861,
    [{"gold":66000}],
    4275,
    157672,
    1000,
    [{"magic":10},{"gold":18423}],
    [{"magic":5},{"gold":18423}],
    4159
  ],
  [
    77,
    182173,
    [{"gold":67000}],
    4276,
    162403,
    1000,
    [{"magic":10},{"gold":18423}],
    [{"magic":5},{"gold":18423}],
    4159
  ],
  [
    78,
    193104,
    [{"gold":68000}],
    4277,
    167276,
    1000,
    [{"magic":10},{"gold":18423}],
    [{"magic":5},{"gold":18423}],
    4159
  ],
  [
    79,
    204691,
    [{"gold":69000}],
    4278,
    172295,
    1000,
    [{"magic":10},{"gold":18423}],
    [{"magic":5},{"gold":18423}],
    4159
  ],
  [
    80,
    0,
    [{"gold":70000}],
    4279,
    177464,
    1000,
    [{"magic":10},{"gold":18423}],
    [{"magic":5},{"gold":18423}],
    4159
  ]
],
"min_lvl" : [1],
"max_lvl" : [80],
"lvl_list" : [1,
2,
3,
4,
5,
6,
7,
8,
9,
10,
11,
12,
13,
14,
15,
16,
17,
18,
19,
20,
21,
22,
23,
24,
25,
26,
27,
28,
29,
30,
31,
32,
33,
34,
35,
36,
37,
38,
39,
40,
41,
42,
43,
44,
45,
46,
47,
48,
49,
50,
51,
52,
53,
54,
55,
56,
57,
58,
59,
60,
61,
62,
63,
64,
65,
66,
67,
68,
69,
70,
71,
72,
73,
74,
75,
76,
77,
78,
79,
80]
}
