{
"key": [0],
"cols": ["id","dialogId","battleIcon","enemyNameId","hpPercent","attackPercent","fixSkill","randomNum","randomSkill","randomWeapon","monsterLvl","skillLvl","activityCond","showIcon","buff","showIcon1"],
"vals": [
  [
    100001,
    0,
    "ah",
    7500,
    15000,
    6000,
    [1,2,3],
    [0,1],
    [4],
    [201],
    1,
    1,
    [1],
    "wsn_ui_0",
    null,
    "wsn_ui_0"
  ],
  [
    100002,
    0,
    "ax",
    7501,
    12000,
    7500,
    [1,2,3],
    [0,1],
    [4],
    [201],
    3,
    1,
    [1],
    "ax_0",
    null,
    "ax_0"
  ],
  [
    100003,
    0,
    "sdb",
    7502,
    14000,
    6000,
    [1,2,3],
    [0,1],
    [4],
    [201],
    2,
    1,
    [1],
    "sdb_0",
    null,
    "sdb_0"
  ],
  [
    100004,
    0,
    "tz",
    7503,
    10000,
    10000,
    [1,2,3],
    [0,1],
    [4,5,6],
    [201],
    4,
    2,
    [1],
    "cxy_0",
    null,
    "cxy_0"
  ],
  [
    100005,
    0,
    "xm",
    7504,
    10000,
    6000,
    [1,2,3],
    [0,1],
    [4,5],
    [201],
    4,
    2,
    [1],
    "xm_0",
    null,
    "xsy_ui_0"
  ],
  [
    100006,
    0,
    "cs",
    7505,
    9000,
    9000,
    [1,2,3],
    [0,1],
    [4,5,6],
    [201,202],
    7,
    3,
    [1],
    "cs_0",
    [{"i":1},{"s":5},{"i":5},{"s":5},{"i":5},{"s":5},{"i":5},{"b":999}],
    "dz_0"
  ],
  [
    100007,
    0,
    "nm",
    7506,
    10000,
    9000,
    [1,2,3],
    [0,1],
    [4,5,6],
    [201,202],
    6,
    2,
    [1],
    "nm_0",
    null,
    "nm_0"
  ],
  [
    100008,
    0,
    "sbt",
    7507,
    9000,
    7500,
    [1,2,3],
    [0,1],
    [4,5,6],
    [201,202],
    7,
    3,
    [1],
    "sbt_0",
    null,
    "sbt_0"
  ],
  [
    100009,
    0,
    "lw",
    7508,
    10500,
    9000,
    [1,2,3],
    [0,1],
    [4,5,6],
    [201,202],
    8,
    3,
    [1],
    "lw_0",
    [{"i":1},{"s":8},{"i":5},{"s":8},{"i":5},{"s":8},{"i":5},{"b":999}],
    "lw_0"
  ],
  [
    100010,
    0,
    "xm",
    7509,
    8000,
    8000,
    [1,2,3],
    [1,2],
    [4,5,6,7],
    [201,202],
    9,
    3,
    [1],
    "xm_0",
    null,
    "xsy_ui_0"
  ],
  [
    100011,
    0,
    "ax",
    7510,
    8000,
    8000,
    [1,2,3],
    [1,2],
    [4,5,6,7],
    [201,202],
    12,
    4,
    [1],
    "ax_0",
    null,
    "ax_0"
  ],
  [
    100012,
    0,
    "ah",
    7511,
    8500,
    8500,
    [1,2,3],
    [1,2],
    [4,5,6,7],
    [201,202],
    12,
    4,
    [1],
    "wsn_ui_0",
    null,
    "wsn_ui_0"
  ],
  [
    100013,
    0,
    "qbxx",
    7512,
    7500,
    7200,
    [1,2,3],
    [1,2],
    [4,5,6,7],
    [201,202],
    13,
    5,
    [1],
    "qbxx_0",
    [{"i":1},{"s":5},{"i":10},{"s":5},{"i":10},{"s":5},{"i":10},{"b":999}],
    "qbxx_0"
  ],
  [
    100014,
    0,
    "lw",
    7513,
    10000,
    10000,
    [1,2,3],
    [1,2],
    [4,5,6,7],
    [201,202],
    12,
    4,
    [1],
    "lw_0",
    null,
    "lw_0"
  ],
  [
    100015,
    0,
    "ll",
    7514,
    10000,
    9000,
    [1,2,3],
    [0,1],
    [4,5,6,7],
    [201,202],
    15,
    5,
    [1],
    "ll_0",
    null,
    "ll_0"
  ],
  [
    100016,
    0,
    "nm",
    7515,
    6500,
    6500,
    [1,2,3],
    [1,2],
    [4,5,6,7],
    [201,202,203],
    16,
    6,
    [1],
    "nm_0",
    [{"i":1},{"s":8},{"i":12},{"s":8},{"i":12},{"s":8},{"i":12},{"b":999}],
    "nm_0"
  ],
  [
    100017,
    0,
    "am",
    7516,
    11000,
    11000,
    [1,2,3],
    [1,2],
    [4,5,6,7],
    [201,202],
    16,
    6,
    [1],
    "am_0",
    null,
    "am_0"
  ],
  [
    100018,
    0,
    "xm",
    7517,
    10000,
    10000,
    [1,2,3],
    [0,1],
    [4,5,6,7],
    [201,202,203],
    17,
    6,
    [1],
    "xm_0",
    null,
    "xsy_ui_0"
  ],
  [
    100019,
    0,
    "ah",
    7518,
    10000,
    10000,
    [1,2,3],
    [1,2],
    [4,5,6,7],
    [201,202,203],
    18,
    6,
    [1],
    "wsn_ui_0",
    null,
    "wsn_ui_0"
  ],
  [
    100020,
    0,
    "lw",
    7519,
    10000,
    10000,
    [1,2,3],
    [1,2],
    [4,5,6,7],
    [201,202,203],
    18,
    6,
    [1],
    "lw_0",
    null,
    "lw_0"
  ],
  [
    100021,
    0,
    "ax",
    7520,
    8500,
    9000,
    [1,2,3],
    [0,1],
    [4,5,6,7],
    [201,202,203,204],
    21,
    7,
    [1],
    "ax_0",
    [{"i":1},{"s":15},{"i":5},{"s":15},{"i":5},{"s":15},{"i":5},{"s":999}],
    "ax_0"
  ],
  [
    100022,
    0,
    "xz",
    7521,
    9000,
    9000,
    [1,2,3],
    [0,1],
    [4,5,6,7],
    [201,202,203],
    19,
    7,
    [1],
    "xz_0",
    null,
    "xz_0"
  ],
  [
    100023,
    0,
    "xm",
    7522,
    8500,
    8500,
    [1,2,3],
    [0,1],
    [4,5,6,7],
    [201,202,203],
    19,
    7,
    [1],
    "xm_0",
    null,
    "xsy_ui_0"
  ],
  [
    100024,
    0,
    "bt",
    7523,
    10000,
    10000,
    [1,2,3],
    [2,3],
    [5,6,7,9,10],
    [201,202,203],
    20,
    7,
    [1],
    "bt_0",
    null,
    "bt_0"
  ],
  [
    100025,
    0,
    "sdb",
    7524,
    9500,
    9500,
    [1,2,3],
    [2,3],
    [5,6,7,9,10],
    [201,202,203,204],
    23,
    8,
    [1],
    "sdb_0",
    [{"i":1},{"s":5},{"i":15},{"s":6},{"i":14},{"s":7},{"i":10},{"s":10},{"i":10},{"s":10},{"i":10},{"s":10},{"i":13},{"s":8},{"i":12},{"b":999}],
    "sdb_0"
  ],
  [
    100026,
    0,
    "dz",
    7525,
    10000,
    10000,
    [1,2,3],
    [2,3],
    [5,6,7,9,10],
    [201,202,203,204],
    22,
    8,
    [1],
    "dz_0",
    null,
    "dz_0"
  ],
  [
    100027,
    0,
    "lw",
    7526,
    10000,
    10000,
    [1,2,3],
    [2,3],
    [5,6,7,9,10],
    [201,202,203,204],
    23,
    8,
    [1],
    "lw_0",
    null,
    "lw_0"
  ],
  [
    100028,
    0,
    "xz",
    7527,
    10000,
    10000,
    [1,2,3],
    [2,3],
    [5,6,7,9,10],
    [201,202,203,204,205],
    25,
    9,
    [1],
    "xz_0",
    null,
    "xz_0"
  ],
  [
    100029,
    0,
    "xm",
    7528,
    10000,
    10000,
    [1,2,3],
    [2,3],
    [5,6,7,9,10],
    [201,202,203,204,205],
    27,
    9,
    [1],
    "xm_0",
    [{"i":1},{"s":10},{"i":10},{"s":10},{"i":10},{"s":10},{"i":10},{"s":10},{"s":10},{"i":10},{"b":999}],
    "xsy_ui_0"
  ],
  [
    100030,
    0,
    "dbj",
    7529,
    10000,
    10000,
    [1,2,3],
    [2,3],
    [5,6,7,9,10],
    [201,202,203,204,205],
    26,
    9,
    [1],
    "dbj_0",
    null,
    "dbj_0"
  ],
  [
    100031,
    0,
    "bt",
    7530,
    10000,
    10000,
    [1,2,3],
    [2,3],
    [5,6,7,9,10],
    [201,202,203,204,205,206],
    30,
    10,
    [1],
    "bt_0",
    null,
    "bt_0"
  ],
  [
    100032,
    0,
    "lw",
    7531,
    10500,
    7000,
    [1,2,3],
    [1,2],
    [4,5,6,7],
    [201,202,203,204,205],
    28,
    10,
    [1],
    "lw_0",
    null,
    "lw_0"
  ],
  [
    100033,
    0,
    "xm",
    7532,
    10000,
    10000,
    [1,2,3],
    [2,3],
    [5,6,7,9,10],
    [201,202,203,204,205],
    29,
    10,
    [1],
    "xm_0",
    [{"i":1},{"s":999}],
    "xsy_ui_0"
  ],
  [
    100034,
    0,
    "pclt",
    7533,
    10000,
    10000,
    [1,2,3],
    [3,4],
    [5,6,7,9,10,11],
    [201,202,203,204,205,206],
    31,
    11,
    [1],
    "pclt_0",
    null,
    "pclt_0"
  ],
  [
    100035,
    0,
    "cs",
    7534,
    8000,
    12000,
    [1,2,3],
    [0,1],
    [4,5,6],
    [201,202,203,204,205],
    29,
    10,
    [1],
    "cs_0",
    null,
    "dz_0"
  ],
  [
    100036,
    0,
    "sbt",
    7535,
    10000,
    10000,
    [1,2,3],
    [3,4],
    [5,6,7,9,10,11],
    [201,202,203,204,205,206],
    30,
    10,
    [1],
    "sbt_0",
    null,
    "sbt_0"
  ],
  [
    100037,
    0,
    "bt",
    7536,
    10000,
    10000,
    [1,2,3],
    [3,4],
    [5,6,7,9,10,11],
    [201,202,203,204,205,206],
    34,
    12,
    [1],
    "bt_0",
    [{"i":1},{"s":999}],
    "bt_0"
  ],
  [
    100038,
    0,
    "bt",
    7537,
    6500,
    6500,
    [1,2,3],
    [3,4],
    [5,6,7,9,10,11],
    [201,202,203,204,205,206],
    32,
    11,
    [1],
    "bt_0",
    null,
    "bt_0"
  ],
  [
    100039,
    0,
    "sbt",
    7538,
    10000,
    10000,
    [1,2,3],
    [3,4],
    [5,6,7,9,10,11],
    [201,202,203,204,205,206],
    33,
    11,
    [1],
    "sbt_0",
    null,
    "sbt_0"
  ],
  [
    100040,
    0,
    "sbt",
    7539,
    8500,
    8500,
    [1,2,3],
    [3,4],
    [5,6,7,9,10,11],
    [201,202,203,204,205,206,207],
    35,
    12,
    [1],
    "sbt_0",
    null,
    "sbt_0"
  ],
  [
    100041,
    0,
    "xm",
    7540,
    10000,
    10000,
    [1,2,3],
    [3,4],
    [5,6,7,9,10,11],
    [201,202,203,204,205,206,207],
    37,
    13,
    [1],
    "xm_0",
    [{"i":1},{"s":999}],
    "xsy_ui_0"
  ],
  [
    100042,
    0,
    "ax",
    7541,
    9000,
    9000,
    [1,2,3],
    [1,2],
    [4,5,6,7],
    [201,202,203,204,205,206,207],
    36,
    12,
    [1],
    "ax_0",
    null,
    "ax_0"
  ],
  [
    100043,
    0,
    "ax",
    7542,
    8500,
    8500,
    [1,2,3],
    [3,4],
    [5,6,7,9,10,11],
    [201,202,203,204,205,206,207],
    39,
    13,
    [1],
    "ax_0",
    null,
    "ax_0"
  ],
  [
    100044,
    0,
    "xz",
    7543,
    10000,
    10000,
    [1,2,3],
    [3,4],
    [5,6,7,9,10,11],
    [201,202,203,204,205,206,207],
    38,
    13,
    [1],
    "xz_0",
    null,
    "xz_0"
  ],
  [
    100045,
    0,
    "ax",
    7544,
    8500,
    10000,
    [1,2,3],
    [3,4],
    [5,6,7,9,10,11],
    [201,202,203,204,205,206,207,208],
    40,
    14,
    [1],
    "ax_0",
    [{"i":1},{"s":999}],
    "ax_0"
  ],
  [
    100046,
    0,
    "ll",
    7545,
    8000,
    8000,
    [1,2,3],
    [4,5],
    [5,6,7,9,10,11],
    [201,202,203,204,205,206,207,208],
    41,
    14,
    [1],
    "ll_0",
    null,
    "ll_0"
  ],
  [
    100047,
    0,
    "xz",
    7546,
    10000,
    10000,
    [1,2,3],
    [4,5],
    [5,6,7,9,10,11],
    [201,202,203,204,205,206,207],
    39,
    13,
    [1],
    "xz_0",
    null,
    "xz_0"
  ],
  [
    100048,
    0,
    "xm",
    7547,
    10000,
    10000,
    [1,2,3],
    [4,5],
    [5,6,7,9,10,11],
    [201,202,203,204,205,206,207,208],
    40,
    14,
    [1],
    "xm_0",
    null,
    "xsy_ui_0"
  ],
  [
    100049,
    0,
    "pclt",
    7548,
    8000,
    10000,
    [1,2,3],
    [4,5],
    [5,6,7,9,10,11],
    [201,202,203,204,205,206,207,208],
    43,
    15,
    [1],
    "pclt_0",
    [{"i":1},{"s":999}],
    "pclt_0"
  ],
  [
    100050,
    0,
    "sbt",
    7549,
    9000,
    9000,
    [1,2,3],
    [4,5],
    [5,6,7,9,10,11],
    [201,202,203,204,205,206,207,208],
    42,
    14,
    [1],
    "sbt_0",
    null,
    "sbt_0"
  ],
  [
    100051,
    0,
    "jbl",
    7550,
    10000,
    10000,
    [1,2,3],
    [4,5],
    [5,6,7,9,10,11],
    [201,202,203,204,205,206,207,208],
    43,
    15,
    [1],
    "jbl_0",
    null,
    "jbl_0"
  ],
  [
    100052,
    0,
    "xm",
    7551,
    5000,
    5000,
    [1,2,3],
    [1,2],
    [4,5,6,7],
    [201,202,203,204,205,206,207,208,209],
    47,
    16,
    [1],
    "xm_0",
    null,
    "xsy_ui_0"
  ],
  [
    100053,
    0,
    "sbt",
    7552,
    10000,
    10000,
    [1,2,3],
    [4,5],
    [5,6,7,9,10,11],
    [201,202,203,204,205,206,207,208,209],
    45,
    15,
    [1],
    "sbt_0",
    null,
    "sbt_0"
  ],
  [
    100054,
    0,
    "ax",
    7553,
    10000,
    10000,
    [1,2,3],
    [4,5],
    [5,6,7,9,10,11],
    [201,202,203,204,205,206,207,208,209],
    46,
    16,
    [1],
    "ax_0",
    [{"i":1},{"s":999}],
    "ax_0"
  ],
  [
    100055,
    0,
    "ax",
    7554,
    10000,
    10000,
    [1,2,3],
    [4,5],
    [5,6,7,9,10,11],
    [201,202,203,204,205,206,207,208,209,210],
    50,
    17,
    [1],
    "ax_0",
    null,
    "ax_0"
  ],
  [
    100056,
    0,
    "xm",
    7555,
    9000,
    9000,
    [1,2,3],
    [4,5],
    [5,6,7,9,10,11],
    [201,202,203,204,205,206,207,208,209],
    48,
    16,
    [1],
    "xm_0",
    null,
    "xsy_ui_0"
  ],
  [
    100057,
    0,
    "pclt",
    7556,
    10000,
    10000,
    [1,2,3],
    [4,5],
    [5,6,7,9,10,11],
    [201,202,203,204,205,206,207,208,209],
    51,
    17,
    [1],
    "pclt_0",
    [{"i":1},{"s":999}],
    "pclt_0"
  ],
  [
    100058,
    0,
    "jbl",
    7557,
    10000,
    10000,
    [1,2,3],
    [0,1],
    [4,5,6],
    [201,202,203,204,205,206,207,208,209,210],
    51,
    17,
    [1],
    "jbl_0",
    null,
    "jbl_0"
  ],
  [
    100059,
    0,
    "ax",
    7558,
    9000,
    9000,
    [1,2,3],
    [5.5],
    [5,6,7,9,10,11],
    [201,202,203,204,205,206,207,208,209],
    49,
    17,
    [1],
    "ax_0",
    null,
    "ax_0"
  ],
  [
    100060,
    0,
    "sbt",
    7559,
    10000,
    10000,
    [1,2,3],
    [5.5],
    [5,6,7,9,10,11],
    [201,202,203,204,205,206,207,208,209,210],
    50,
    17,
    [1],
    "sbt_0",
    null,
    "sbt_0"
  ],
  [
    100061,
    0,
    "pclt",
    7560,
    12000,
    12000,
    [1,2,3],
    [5.5],
    [5,6,7,9,10,11],
    [201,202,203,204,205,206,207,208,209,210],
    54,
    18,
    [1],
    "pclt_0",
    [{"i":1},{"s":999}],
    "pclt_0"
  ],
  [
    100062,
    0,
    "ax",
    7561,
    10000,
    10000,
    [1,2,3],
    [5.5],
    [5,6,7,9,10,11],
    [201,202,203,204,205,206,207,208,209,210],
    52,
    18,
    [1],
    "ax_0",
    null,
    "ax_0"
  ],
  [
    100063,
    0,
    "xm",
    7562,
    10000,
    10000,
    [1,2,3],
    [5.5],
    [5,6,7,9,10,11],
    [201,202,203,204,205,206,207,208,209,210],
    53,
    18,
    [1],
    "xm_0",
    null,
    "xsy_ui_0"
  ],
  [
    100064,
    0,
    "dz",
    7563,
    10000,
    10000,
    [1,2,3],
    [5.5],
    [5,6,7,9,10,11],
    [201,202,203,204,205,206,207,208,209,210],
    57,
    19,
    [1],
    "dz_0",
    null,
    "dz_0"
  ],
  [
    100065,
    0,
    "ax",
    7564,
    10000,
    10000,
    [1,2,3],
    [5.5],
    [5,6,7,9,10,11],
    [201,202,203,204,205,206,207,208,209,210],
    57,
    19,
    [1],
    "ax_0",
    [{"i":1},{"s":999}],
    "ax_0"
  ],
  [
    100066,
    0,
    "ll",
    7565,
    10000,
    10000,
    [1,2,3],
    [5.5],
    [5,6,7,9,10,11],
    [201,202,203,204,205,206,207,208,209,210],
    56,
    19,
    [1],
    "ll_0",
    null,
    "ll_0"
  ],
  [
    100067,
    0,
    "ah",
    7566,
    6000,
    4000,
    [1,2,3],
    [5.5],
    [5,6,7,9,10,11],
    [201,202,203,204,205,206,207,208,209,210],
    58,
    20,
    [1],
    "wsn_ui_0",
    null,
    "wsn_ui_0"
  ],
  [
    100068,
    0,
    "qbxx",
    7567,
    10000,
    10000,
    [1,2,3],
    [5.5],
    [5,6,7,9,10,11],
    [201,202,203,204,205,206,207,208,209,210],
    59,
    20,
    [1],
    "qbxx_0",
    null,
    "qbxx_0"
  ],
  [
    100069,
    0,
    "xm",
    7568,
    9000,
    8000,
    [1,2,3],
    [5.5],
    [5,6,7,9,10,11],
    [201,202,203,204,205,206,207,208,209,210],
    60,
    20,
    [1],
    "xm_0",
    [{"i":1},{"s":999}],
    "xsy_ui_0"
  ],
  [
    100070,
    0,
    "jbl",
    7550,
    7000,
    12000,
    [1,2,3],
    [5,5],
    [5,6,7,9,14,11,12,10,8],
    [201,202,203,204,205,206,207,208,209],
    70,
    24,
    [1],
    "jbl_0",
    null,
    "jbl_0"
  ],
  [
    100071,
    0,
    "xm",
    7551,
    12000,
    8000,
    [1,2,3],
    [5,5],
    [5,6,7,9,14,11,12,10,8],
    [201,202,203,204,205,206,207,208,209],
    71,
    24,
    [1],
    "xm_0",
    null,
    "xsy_ui_0"
  ],
  [
    100072,
    0,
    "bt",
    7536,
    8000,
    13000,
    [1,2,3],
    [5,5],
    [5,6,7,9,14,11,12,10,8],
    [201,202,203,204,205,206,207,208,209],
    72,
    24,
    [1],
    "bt_0",
    null,
    "bt_0"
  ],
  [
    100073,
    0,
    "dz",
    7525,
    10000,
    13000,
    [1,2,3],
    [5,5],
    [5,6,7,9,14,11,12,10,8],
    [201,202,203,204,205,206,207,208,209],
    73,
    25,
    [1],
    "dz_0",
    [{"i":1},{"s":999}],
    "dz_0"
  ],
  [
    100074,
    0,
    "lw",
    7526,
    9000,
    11000,
    [1,2,3],
    [5,5],
    [5,6,7,9,14,11,12,10,8],
    [201,202,203,204,205,206,207,208,209],
    75,
    25,
    [1],
    "lw_0",
    null,
    "lw_0"
  ],
  [
    100075,
    0,
    "ax",
    7558,
    10000,
    10000,
    [1,2,3],
    [5,5],
    [5,6,7,9,14,11,12,10,8],
    [201,202,203,204,205,206,207,208,209],
    72,
    24,
    [1],
    "ax_0",
    [{"i":1},{"s":999}],
    "ax_0"
  ],
  [
    100076,
    0,
    "sbt",
    7559,
    8000,
    14000,
    [1,2,3],
    [5,5],
    [5,6,7,9,14,11,12,10,8],
    [201,202,203,204,205,206,207,208,209],
    73,
    25,
    [1],
    "sbt_0",
    [{"i":1},{"b":15},{"i":999}],
    "sbt_0"
  ],
  [
    100077,
    0,
    "dz",
    7525,
    11000,
    11000,
    [1,2,3],
    [5,5],
    [5,6,7,9,14,11,12,10,8],
    [201,202,203,204,205,206,207,208,209],
    73,
    25,
    [1],
    "dz_0",
    [{"i":1},{"s":999}],
    "dz_0"
  ],
  [
    100078,
    0,
    "lw",
    7526,
    10000,
    10000,
    [1,2,3],
    [5,5],
    [5,6,7,9,14,11,12,10,8],
    [201,202,203,204,205,206,207,208,209],
    74,
    25,
    [1],
    "lw_0",
    null,
    "lw_0"
  ],
  [
    100079,
    0,
    "xm",
    7504,
    14000,
    8000,
    [1,2,3],
    [5,5],
    [5,6,7,9,14,11,12,10,8],
    [201,202,203,204,205,206,207,208,209],
    75,
    25,
    [1],
    "xm_0",
    [{"i":1},{"s":5},{"b":10},{"s":6},{"i":10},{"s":10},{"i":10},{"s":10},{"i":10},{"s":10},{"b":10},{"s":6},{"b":10},{"s":6},{"b":10},{"s":6},{"b":999}],
    "xsy_ui_0"
  ],
  [
    100080,
    0,
    "cs",
    7505,
    9000,
    1350,
    [1,2,3],
    [5,5],
    [5,6,7,9,14,11,12,10,8],
    [201,202,203,204,205,206,207,208,209],
    77,
    25,
    [1],
    "cs_0",
    [{"i":1},{"s":999}],
    "dz_0"
  ],
  [
    100081,
    0,
    "qbxx",
    7567,
    11000,
    11000,
    [1,2,3],
    [5,5],
    [5,6,7,9,14,11,12,10,8],
    [201,202,203,204,205,206,207,208,209],
    80,
    25,
    [1],
    "qbxx_0",
    [{"i":1},{"s":999}],
    "qbxx_0"
  ],
  [
    1000061,
    0,
    "dog1",
    7571,
    9000,
    4000,
    [10100],
    [0,0],
    [],
    [],
    3,
    1,
    [3,800],
    "dog1_0",
    null,
    "dog1_0"
  ],
  [
    1000091,
    0,
    "alpaca1",
    7572,
    9000,
    4000,
    [10101,10102],
    [0,0],
    [],
    [],
    9,
    1,
    [3,800],
    "alpaca1_0",
    null,
    "alpaca1_0"
  ],
  [
    1000111,
    0,
    "jbl",
    7569,
    7000,
    8500,
    [1,2,3],
    [0,1],
    [5,6],
    [201,202],
    4,
    2,
    [2,3500],
    "jbl_0",
    null,
    "jbl_0"
  ],
  [
    1000131,
    0,
    "xm",
    7570,
    8500,
    4000,
    [1,2,3],
    [1,2],
    [4,5,6,7],
    [201,202],
    9,
    3,
    [2,6500],
    "xm_0",
    null,
    "xsy_ui_0"
  ],
  [
    1000161,
    0,
    "dog1",
    7574,
    8500,
    5500,
    [10100],
    [0,0],
    [],
    [],
    12,
    1,
    [3,800],
    "dog1_0",
    null,
    "dog1_0"
  ],
  [
    1000162,
    0,
    "alpaca1",
    7575,
    4500,
    10500,
    [10101,10102],
    [0,0],
    [],
    [],
    12,
    1,
    [3,800],
    "alpaca1_0",
    null,
    "alpaca1_0"
  ],
  [
    1000211,
    0,
    "dog1",
    7578,
    3000,
    3000,
    [10100],
    [0,0],
    [5,6,7,9,14,11,12],
    [],
    16,
    1,
    [2,8500],
    "dog1_0",
    null,
    "dog1_0"
  ],
  [
    1000212,
    0,
    "nm",
    7579,
    3000,
    3000,
    [1,2,3],
    [2,3],
    [5,6,7,9,14,11,12],
    [201,202,203,204,205,206,207,208],
    16,
    4,
    [2,6500],
    "nm_0",
    null,
    "nm_0"
  ],
  [
    1000213,
    0,
    "alpaca1",
    7580,
    3000,
    3000,
    [10101,10102],
    [0,0],
    [5,6,7,9,14,11,12],
    [],
    16,
    1,
    [2,4500],
    "alpaca1_0",
    null,
    "alpaca1_0"
  ],
  [
    1000214,
    0,
    "ah",
    7581,
    3000,
    3000,
    [1,2,3],
    [2,3],
    [5,6,7,9,14,11,12],
    [201,202,203,204,205,206,207,208],
    16,
    4,
    [2,2500],
    "wsn_ui_0",
    null,
    "wsn_ui_0"
  ],
  [
    1000251,
    0,
    "dog1",
    7578,
    6000,
    3000,
    [10100],
    [0,0],
    [5,6,7,9,14,11,12],
    [],
    19,
    1,
    [3,801],
    "dog1_0",
    null,
    "dog1_0"
  ],
  [
    1000252,
    0,
    "nm",
    7579,
    4000,
    3000,
    [1,2,3],
    [2,3],
    [5,6,7,9,14,11,12],
    [201,202,203,204,205,206,207,208],
    19,
    6,
    [3,800],
    "nm_0",
    null,
    "nm_0"
  ],
  [
    1000291,
    0,
    "dog1",
    7578,
    8000,
    3000,
    [10100],
    [0,0],
    [5,6,7,9,14,11,12],
    [],
    22,
    1,
    [2,5500],
    "dog1_0",
    null,
    "dog1_0"
  ],
  [
    1000292,
    0,
    "alpaca1",
    7580,
    8000,
    3000,
    [10101,10102],
    [0,0],
    [5,6,7,9,14,11,12],
    [],
    22,
    1,
    [2,5500],
    "alpaca1_0",
    null,
    "alpaca1_0"
  ],
  [
    1000293,
    0,
    "xm",
    7570,
    8500,
    3000,
    [1,2,3],
    [1,2],
    [4,5,6,7],
    [201,202],
    22,
    7,
    [2,5500],
    "xm_0",
    null,
    "xsy_ui_0"
  ],
  [
    1000331,
    0,
    "dog1",
    7574,
    8500,
    5500,
    [10100],
    [0,0],
    [],
    [],
    25,
    6,
    [3,800],
    "dog1_0",
    null,
    "dog1_0"
  ],
  [
    1000332,
    0,
    "alpaca1",
    7575,
    4500,
    10500,
    [10101,10102],
    [0,0],
    [],
    [],
    25,
    6,
    [3,800],
    "alpaca1_0",
    null,
    "alpaca1_0"
  ],
  [
    1000333,
    0,
    "xm",
    7570,
    7000,
    10000,
    [1,2,3],
    [3,4],
    [5,6,7,9,10,11],
    [201,202,203,204,205,206,207,208,209],
    22,
    8,
    [2,1500],
    "xm_0",
    [{"i":2},{"s":999}],
    "xsy_ui_0"
  ],
  [
    1000371,
    0,
    "dog1",
    7578,
    3000,
    3000,
    [10100],
    [0,0],
    [5,6,7,9,14,11,12],
    [],
    30,
    7,
    [2,8500],
    "dog1_0",
    null,
    "dog1_0"
  ],
  [
    1000372,
    0,
    "nm",
    7579,
    3000,
    3000,
    [1,2,3],
    [2,3],
    [5,6,7,9,14,11,12],
    [201,202,203,204,205,206,207,208],
    28,
    7,
    [2,6500],
    "nm_0",
    null,
    "nm_0"
  ],
  [
    1000373,
    0,
    "alpaca1",
    7580,
    3000,
    3000,
    [10101,10102],
    [0,0],
    [5,6,7,9,14,11,12],
    [],
    26,
    7,
    [2,4500],
    "alpaca1_0",
    null,
    "alpaca1_0"
  ],
  [
    1000374,
    0,
    "ah",
    7581,
    3000,
    3000,
    [1,2,3],
    [2,3],
    [5,6,7,9,14,11,12],
    [201,202,203,204,205,206,207,208],
    28,
    7,
    [2,2500],
    "wsn_ui_0",
    null,
    "wsn_ui_0"
  ],
  [
    1000411,
    0,
    "dog1",
    7578,
    6000,
    3000,
    [10100],
    [0,0],
    [5,6,7,9,14,11,12],
    [],
    33,
    8,
    [3,801],
    "dog1_0",
    null,
    "dog1_0"
  ],
  [
    1000412,
    0,
    "nm",
    7579,
    4000,
    3000,
    [1,2,3],
    [2,3],
    [5,6,7,9,14,11,12],
    [201,202,203,204,205,206,207,208],
    30,
    8,
    [3,800],
    "nm_0",
    null,
    "nm_0"
  ],
  [
    1000451,
    0,
    "dog1",
    7578,
    8000,
    3000,
    [10100],
    [0,0],
    [5,6,7,9,14,11,12],
    [],
    36,
    9,
    [2,5500],
    "dog1_0",
    null,
    "dog1_0"
  ],
  [
    1000452,
    0,
    "alpaca1",
    7580,
    8000,
    3000,
    [10101,10102],
    [0,0],
    [5,6,7,9,14,11,12],
    [],
    34,
    9,
    [2,5500],
    "alpaca1_0",
    null,
    "alpaca1_0"
  ],
  [
    1000453,
    0,
    "xm",
    7570,
    8500,
    3000,
    [1,2,3],
    [1,2],
    [4,5,6,7],
    [201,202],
    32,
    9,
    [2,5500],
    "xm_0",
    null,
    "xsy_ui_0"
  ],
  [
    1000491,
    0,
    "dog1",
    7574,
    8500,
    5500,
    [10100],
    [0,0],
    [],
    [],
    38,
    10,
    [3,800],
    "dog1_0",
    null,
    "dog1_0"
  ],
  [
    1000492,
    0,
    "alpaca1",
    7575,
    4500,
    10500,
    [10101,10102],
    [0,0],
    [],
    [],
    36,
    10,
    [3,800],
    "alpaca1_0",
    null,
    "alpaca1_0"
  ],
  [
    1000541,
    0,
    "dog1",
    7578,
    3000,
    3000,
    [10100],
    [0,0],
    [5,6,7,9,14,11,12],
    [],
    39,
    11,
    [2,8500],
    "dog1_0",
    null,
    "dog1_0"
  ],
  [
    1000542,
    0,
    "nm",
    7579,
    3000,
    3000,
    [1,2,3],
    [2,3],
    [5,6,7,9,14,11,12],
    [201,202,203,204,205,206,207,208],
    37,
    11,
    [2,6500],
    "nm_0",
    null,
    "nm_0"
  ],
  [
    1000543,
    0,
    "alpaca1",
    7580,
    3000,
    3000,
    [10101,10102],
    [0,0],
    [5,6,7,9,14,11,12],
    [],
    35,
    11,
    [2,4500],
    "alpaca1_0",
    null,
    "alpaca1_0"
  ],
  [
    1000544,
    0,
    "ah",
    7581,
    3000,
    3000,
    [1,2,3],
    [2,3],
    [5,6,7,9,14,11,12],
    [201,202,203,204,205,206,207,208],
    33,
    11,
    [2,2500],
    "wsn_ui_0",
    null,
    "wsn_ui_0"
  ],
  [
    1000571,
    0,
    "dog1",
    7578,
    6000,
    3000,
    [10100],
    [0,0],
    [5,6,7,9,14,11,12],
    [],
    43,
    12,
    [3,801],
    "dog1_0",
    null,
    "dog1_0"
  ],
  [
    1000572,
    0,
    "nm",
    7579,
    4000,
    3000,
    [1,2,3],
    [2,3],
    [5,6,7,9,14,11,12],
    [201,202,203,204,205,206,207,208],
    41,
    12,
    [3,800],
    "nm_0",
    null,
    "nm_0"
  ],
  [
    1000611,
    0,
    "dog1",
    7578,
    8000,
    3000,
    [10100],
    [0,0],
    [5,6,7,9,14,11,12],
    [],
    45,
    13,
    [2,5500],
    "dog1_0",
    null,
    "dog1_0"
  ],
  [
    1000612,
    0,
    "alpaca1",
    7580,
    8000,
    3000,
    [10101,10102],
    [0,0],
    [5,6,7,9,14,11,12],
    [],
    43,
    13,
    [2,5500],
    "alpaca1_0",
    null,
    "alpaca1_0"
  ],
  [
    1000613,
    0,
    "xm",
    7570,
    8500,
    3000,
    [1,2,3],
    [1,2],
    [4,5,6,7],
    [201,202],
    41,
    13,
    [2,5500],
    "xm_0",
    null,
    "xsy_ui_0"
  ],
  [
    1000651,
    0,
    "dog1",
    7574,
    8500,
    5500,
    [10100],
    [0,0],
    [],
    [],
    47,
    14,
    [3,800],
    "dog1_0",
    null,
    "dog1_0"
  ],
  [
    1000652,
    0,
    "alpaca1",
    7575,
    4500,
    10500,
    [10101,10102],
    [0,0],
    [],
    [],
    45,
    14,
    [3,800],
    "alpaca1_0",
    null,
    "alpaca1_0"
  ],
  [
    1000691,
    0,
    "dog1",
    7578,
    3000,
    3000,
    [10100],
    [0,0],
    [5,6,7,9,14,11,12],
    [],
    49,
    15,
    [2,8500],
    "dog1_0",
    null,
    "dog1_0"
  ],
  [
    1000692,
    0,
    "nm",
    7579,
    3000,
    3000,
    [1,2,3],
    [2,3],
    [5,6,7,9,14,11,12],
    [201,202,203,204,205,206,207,208],
    47,
    15,
    [2,6500],
    "nm_0",
    null,
    "nm_0"
  ],
  [
    1000693,
    0,
    "alpaca1",
    7580,
    3000,
    3000,
    [10101,10102],
    [0,0],
    [5,6,7,9,14,11,12],
    [],
    45,
    15,
    [2,4500],
    "alpaca1_0",
    null,
    "alpaca1_0"
  ],
  [
    1000694,
    0,
    "ah",
    7581,
    3000,
    3000,
    [1,2,3],
    [2,3],
    [5,6,7,9,14,11,12],
    [201,202,203,204,205,206,207,208],
    43,
    15,
    [2,2500],
    "wsn_ui_0",
    null,
    "wsn_ui_0"
  ],
  [
    1000731,
    0,
    "dog1",
    7578,
    6000,
    3000,
    [10100],
    [0,0],
    [5,6,7,9,14,11,12],
    [],
    61,
    16,
    [3,801],
    "dog1_0",
    null,
    "dog1_0"
  ],
  [
    1000732,
    0,
    "nm",
    7579,
    4000,
    3000,
    [1,2,3],
    [2,3],
    [5,6,7,9,14,11,12],
    [201,202,203,204,205,206,207,208],
    59,
    16,
    [3,800],
    "nm_0",
    null,
    "nm_0"
  ],
  [
    1000771,
    0,
    "dog1",
    7578,
    8000,
    3000,
    [10100],
    [0,0],
    [5,6,7,9,14,11,12],
    [],
    60,
    16,
    [2,5500],
    "dog1_0",
    null,
    "dog1_0"
  ],
  [
    1000772,
    0,
    "alpaca1",
    7580,
    8000,
    3000,
    [10101,10102],
    [0,0],
    [5,6,7,9,14,11,12],
    [],
    58,
    16,
    [2,5500],
    "alpaca1_0",
    null,
    "alpaca1_0"
  ],
  [
    1000773,
    0,
    "xm",
    7570,
    8500,
    3000,
    [1,2,3],
    [1,2],
    [4,5,6,7],
    [201,202],
    56,
    16,
    [2,5500],
    "xm_0",
    null,
    "xsy_ui_0"
  ],
  [
    1000811,
    0,
    "dog1",
    7574,
    8500,
    5500,
    [10100],
    [0,0],
    [],
    [],
    66,
    16,
    [3,800],
    "dog1_0",
    null,
    "dog1_0"
  ],
  [
    1000812,
    0,
    "alpaca1",
    7575,
    4500,
    10500,
    [10101,10102],
    [0,0],
    [],
    [],
    64,
    16,
    [3,800],
    "alpaca1_0",
    null,
    "alpaca1_0"
  ]
],
"id_list" : [100001,
100002,
100003,
100004,
100005,
100006,
100007,
100008,
100009,
100010,
100011,
100012,
100013,
100014,
100015,
100016,
100017,
100018,
100019,
100020,
100021,
100022,
100023,
100024,
100025,
100026,
100027,
100028,
100029,
100030,
100031,
100032,
100033,
100034,
100035,
100036,
100037,
100038,
100039,
100040,
100041,
100042,
100043,
100044,
100045,
100046,
100047,
100048,
100049,
100050,
100051,
100052,
100053,
100054,
100055,
100056,
100057,
100058,
100059,
100060,
100061,
100062,
100063,
100064,
100065,
100066,
100067,
100068,
100069,
100070,
100071,
100072,
100073,
100074,
100075,
100076,
100077,
100078,
100079,
100080,
100081,
1000061,
1000091,
1000111,
1000131,
1000161,
1000162,
1000211,
1000212,
1000213,
1000214,
1000251,
1000252,
1000291,
1000292,
1000293,
1000331,
1000332,
1000333,
1000371,
1000372,
1000373,
1000374,
1000411,
1000412,
1000451,
1000452,
1000453,
1000491,
1000492,
1000541,
1000542,
1000543,
1000544,
1000571,
1000572,
1000611,
1000612,
1000613,
1000651,
1000652,
1000691,
1000692,
1000693,
1000694,
1000731,
1000732,
1000771,
1000772,
1000773,
1000811,
1000812]
}
