{
"key": [0,1],
"cols": ["plan","id","nameId","descId","thirdId","gainType","wealth","pet","rebate","rebate2","price","value","monthtype","icon","type"],
"vals": [
  [
    1,
    1,
    33203,
    33205,
    null,
    ["wealth"],
    {"vigor":120,"gem":100,"gold":8888},
    {},
    0,
    0,
    100,
    5000,
    0,
    "0",
    1
  ],
  [
    1,
    2,
    33204,
    33206,
    null,
    ["wealth","pet"],
    {"gem":40},
    {"2":1},
    0,
    0,
    600,
    6000,
    0,
    "0",
    1
  ],
  [
    2,
    1,
    33203,
    33205,
    null,
    ["wealth"],
    {"vigor":120,"gem":100,"gold":8888},
    {},
    0,
    0,
    100,
    5000,
    0,
    "0",
    1
  ],
  [
    2,
    2,
    33204,
    33206,
    null,
    ["wealth","pet"],
    {"gem":40},
    {"2":1},
    0,
    0,
    600,
    6000,
    0,
    "0",
    1
  ],
  [
    2,
    4,
    33207,
    33350,
    null,
    ["wealth"],
    {"gem":60},
    {},
    200,
    0,
    600,
    1,
    0,
    "0",
    2
  ],
  [
    2,
    5,
    33208,
    33351,
    null,
    ["wealth"],
    {"gem":189},
    {},
    200,
    0,
    1800,
    2,
    0,
    "0",
    2
  ],
  [
    2,
    6,
    33209,
    33352,
    null,
    ["wealth"],
    {"gem":330},
    {},
    200,
    0,
    3000,
    3,
    0,
    "0",
    2
  ],
  [
    2,
    7,
    33210,
    33353,
    null,
    ["wealth"],
    {"gem":782},
    {},
    200,
    0,
    6800,
    4,
    0,
    "0",
    2
  ],
  [
    2,
    8,
    33211,
    33354,
    null,
    ["wealth"],
    {"gem":1536},
    {},
    200,
    0,
    12800,
    5,
    0,
    "0",
    2
  ],
  [
    2,
    9,
    33212,
    33355,
    null,
    ["wealth"],
    {"gem":4100},
    {},
    200,
    0,
    32800,
    6,
    0,
    "0",
    2
  ],
  [
    2,
    10,
    33213,
    33356,
    null,
    ["wealth"],
    {"gem":8424},
    {},
    200,
    0,
    64800,
    7,
    0,
    "0",
    2
  ],
  [
    2,
    12,
    33214,
    33357,
    null,
    ["wealth"],
    {"gem":880},
    {},
    0,
    0,
    8800,
    0,
    0,
    "0",
    3
  ],
  [
    2,
    13,
    33215,
    33358,
    null,
    ["wealth"],
    {"gem":300},
    {},
    0,
    0,
    3000,
    0,
    1,
    "0",
    4
  ],
  [
    2,
    51,
    33213,
    33356,
    null,
    [],
    {},
    {},
    0,
    0,
    1800,
    0,
    0,
    "0",
    51
  ],
  [
    3,
    1,
    33203,
    33205,
    null,
    ["wealth"],
    {"vigor":120,"gem":100,"gold":8888},
    {},
    0,
    0,
    100,
    5000,
    0,
    "0",
    1
  ],
  [
    3,
    2,
    33204,
    33206,
    null,
    ["wealth","pet"],
    {"gem":40},
    {"2":1},
    0,
    0,
    600,
    6000,
    0,
    "0",
    1
  ],
  [
    3,
    4,
    33207,
    33350,
    null,
    ["wealth"],
    {"gem":60},
    {},
    200,
    0,
    600,
    1,
    0,
    "0",
    2
  ],
  [
    3,
    5,
    33208,
    33351,
    null,
    ["wealth"],
    {"gem":189},
    {},
    200,
    0,
    1800,
    2,
    0,
    "0",
    2
  ],
  [
    3,
    6,
    33209,
    33352,
    null,
    ["wealth"],
    {"gem":330},
    {},
    200,
    0,
    3000,
    3,
    0,
    "0",
    2
  ],
  [
    3,
    7,
    33210,
    33353,
    null,
    ["wealth"],
    {"gem":782},
    {},
    200,
    0,
    6800,
    4,
    0,
    "0",
    2
  ],
  [
    3,
    8,
    33211,
    33354,
    null,
    ["wealth"],
    {"gem":1536},
    {},
    200,
    0,
    12800,
    5,
    0,
    "0",
    2
  ],
  [
    3,
    9,
    33212,
    33355,
    null,
    ["wealth"],
    {"gem":4100},
    {},
    200,
    0,
    32800,
    6,
    0,
    "0",
    2
  ],
  [
    3,
    10,
    33213,
    33356,
    null,
    ["wealth"],
    {"gem":8424},
    {},
    200,
    0,
    64800,
    7,
    0,
    "0",
    2
  ],
  [
    3,
    12,
    33214,
    33357,
    null,
    ["wealth"],
    {"gem":880},
    {},
    0,
    0,
    8800,
    0,
    0,
    "0",
    3
  ],
  [
    3,
    13,
    33215,
    33358,
    null,
    ["wealth"],
    {"gem":300},
    {},
    0,
    0,
    3000,
    0,
    1,
    "0",
    4
  ]
],
"plan_list" : [1,
2,
3],
"type_list" : [1,
2,
3,
4,
51],
"plan_type_id" : {"1": [[1,1],[1,2]],
"2": [[1,1],[1,2],[2,4],[2,5],[2,6],[2,7],[2,8],[2,9],[2,10],[3,12],[4,13],[51,51]],
"3": [[1,1],[1,2],[2,4],[2,5],[2,6],[2,7],[2,8],[2,9],[2,10],[3,12],[4,13]]},
"id_list" : {"1": [1,2],
"2": [1,2,4,5,6,7,8,9,10,12,13,51],
"3": [1,2,4,5,6,7,8,9,10,12,13]}
}
