{
"key": [0,1],
"cols": ["rankBottom","rankTop","area","setNum","showRank","areaDesc","rankName","icon"],
"vals": [
  [
    0,
    0,
    4,
    0,
    0,
    "街道",
    "未上榜",
    "lvl0"
  ],
  [
    50,
    1,
    0,
    50,
    0,
    "全国",
    "荣耀王者5★",
    "lvl7_5"
  ],
  [
    105,
    51,
    0,
    55,
    0,
    "全国",
    "荣耀王者4★",
    "lvl7_4"
  ],
  [
    210,
    106,
    0,
    105,
    0,
    "全国",
    "荣耀王者3★",
    "lvl7_3"
  ],
  [
    365,
    211,
    0,
    155,
    0,
    "全国",
    "荣耀王者2★",
    "lvl7_2"
  ],
  [
    570,
    366,
    0,
    205,
    0,
    "全国",
    "荣耀王者1★",
    "lvl7_1"
  ],
  [
    825,
    571,
    0,
    255,
    0,
    "全国",
    "最强王者3★",
    "lvl6_3"
  ],
  [
    1130,
    826,
    0,
    305,
    0,
    "全国",
    "最强王者2★",
    "lvl6_2"
  ],
  [
    1485,
    1131,
    0,
    355,
    0,
    "全国",
    "最强王者1★",
    "lvl6_1"
  ],
  [
    1890,
    1486,
    0,
    405,
    0,
    "全国",
    "至尊星耀3★",
    "lvl5_3"
  ],
  [
    2345,
    1891,
    0,
    455,
    0,
    "全国",
    "至尊星耀2★",
    "lvl5_2"
  ],
  [
    2850,
    2346,
    0,
    505,
    0,
    "全国",
    "至尊星耀1★",
    "lvl5_1"
  ],
  [
    3405,
    2851,
    1,
    555,
    0,
    "省级",
    "尊贵铂金I",
    "lvl4_1"
  ],
  [
    4010,
    3406,
    1,
    605,
    0,
    "省级",
    "尊贵铂金III",
    "lvl4_2"
  ],
  [
    4665,
    4011,
    1,
    655,
    0,
    "省级",
    "尊贵铂金III",
    "lvl4_3"
  ],
  [
    5335,
    4666,
    1,
    670,
    0,
    "省级",
    "尊贵铂金IV",
    "lvl4_4"
  ],
  [
    5990,
    5336,
    1,
    655,
    0,
    "省级",
    "尊贵铂金V",
    "lvl4_5"
  ],
  [
    6595,
    5991,
    2,
    605,
    0,
    "市级",
    "荣耀黄金I",
    "lvl3_1"
  ],
  [
    7150,
    6596,
    2,
    555,
    0,
    "市级",
    "荣耀黄金III",
    "lvl3_2"
  ],
  [
    7655,
    7151,
    2,
    505,
    0,
    "市级",
    "荣耀黄金III",
    "lvl3_3"
  ],
  [
    8110,
    7656,
    2,
    455,
    0,
    "市级",
    "荣耀黄金IV",
    "lvl3_4"
  ],
  [
    8515,
    8111,
    2,
    405,
    0,
    "市级",
    "荣耀黄金V",
    "lvl3_5"
  ],
  [
    8870,
    8516,
    3,
    355,
    0,
    "镇级",
    "秩序白银I",
    "lvl2_1"
  ],
  [
    9175,
    8871,
    3,
    305,
    0,
    "镇级",
    "秩序白银III",
    "lvl2_2"
  ],
  [
    9430,
    9176,
    3,
    255,
    0,
    "镇级",
    "秩序白银III",
    "lvl2_3"
  ],
  [
    9635,
    9431,
    3,
    205,
    0,
    "镇级",
    "秩序白银IV",
    "lvl2_4"
  ],
  [
    9790,
    9636,
    3,
    155,
    0,
    "镇级",
    "秩序白银V",
    "lvl2_5"
  ],
  [
    9895,
    9791,
    4,
    105,
    0,
    "街道",
    "倔强青铜I",
    "lvl1_1"
  ],
  [
    9950,
    9896,
    4,
    55,
    0,
    "街道",
    "倔强青铜III",
    "lvl1_2"
  ],
  [
    10000,
    9951,
    4,
    50,
    0,
    "街道",
    "倔强青铜III",
    "lvl1_3"
  ]
],
"rank_top_list" : [0,
1,
51,
106,
211,
366,
571,
826,
1131,
1486,
1891,
2346,
2851,
3406,
4011,
4666,
5336,
5991,
6596,
7151,
7656,
8111,
8516,
8871,
9176,
9431,
9636,
9791,
9896,
9951],
"rank_bottom_list" : [0,
50,
105,
210,
365,
570,
825,
1130,
1485,
1890,
2345,
2850,
3405,
4010,
4665,
5335,
5990,
6595,
7150,
7655,
8110,
8515,
8870,
9175,
9430,
9635,
9790,
9895,
9950,
10000]
}
