{
"key": [0,1],
"cols": ["rankBottom","rankTop","award","treasure"],
"vals": [
  [
    0,
    0,
    [{"gem":10},{"magic":40}],
    [{"10":9000},{"15":700},{"20":300}]
  ],
  [
    50,
    1,
    [{"gem":200},{"magic":200}],
    [{"24":3200},{"42":5050},{"55":1750}]
  ],
  [
    105,
    51,
    [{"gem":200},{"magic":180}],
    [{"24":3400},{"42":4900},{"55":1700}]
  ],
  [
    210,
    106,
    [{"gem":150},{"magic":180}],
    [{"23":3600},{"42":4750},{"50":1650}]
  ],
  [
    365,
    211,
    [{"gem":150},{"magic":150}],
    [{"23":3800},{"39":4600},{"50":1600}]
  ],
  [
    570,
    366,
    [{"gem":100},{"magic":150}],
    [{"22":4000},{"39":4450},{"50":1550}]
  ],
  [
    825,
    571,
    [{"gem":100},{"magic":100}],
    [{"22":4200},{"39":4300},{"50":1500}]
  ],
  [
    1130,
    826,
    [{"gem":80},{"magic":100}],
    [{"21":4400},{"36":4150},{"45":1450}]
  ],
  [
    1485,
    1131,
    [{"gem":80},{"magic":95}],
    [{"21":4600},{"36":4000},{"45":1400}]
  ],
  [
    1890,
    1486,
    [{"gem":60},{"magic":95}],
    [{"20":4800},{"36":3850},{"45":1350}]
  ],
  [
    2345,
    1891,
    [{"gem":60},{"magic":90}],
    [{"20":5000},{"33":3700},{"45":1300}]
  ],
  [
    2850,
    2346,
    [{"gem":55},{"magic":90}],
    [{"19":5200},{"33":3550},{"40":1250}]
  ],
  [
    3405,
    2851,
    [{"gem":55},{"magic":85}],
    [{"19":5400},{"33":3400},{"40":1200}]
  ],
  [
    4010,
    3406,
    [{"gem":50},{"magic":85}],
    [{"18":5600},{"30":3250},{"40":1150}]
  ],
  [
    4665,
    4011,
    [{"gem":50},{"magic":80}],
    [{"18":5800},{"30":3100},{"40":1100}]
  ],
  [
    5335,
    4666,
    [{"gem":45},{"magic":80}],
    [{"17":6000},{"30":2950},{"35":1050}]
  ],
  [
    5990,
    5336,
    [{"gem":45},{"magic":75}],
    [{"17":6200},{"27":2800},{"35":1000}]
  ],
  [
    6595,
    5991,
    [{"gem":40},{"magic":75}],
    [{"16":6400},{"27":2650},{"35":950}]
  ],
  [
    7150,
    6596,
    [{"gem":40},{"magic":70}],
    [{"16":6600},{"27":2500},{"35":900}]
  ],
  [
    7655,
    7151,
    [{"gem":35},{"magic":70}],
    [{"15":6800},{"24":2350},{"30":850}]
  ],
  [
    8110,
    7656,
    [{"gem":35},{"magic":65}],
    [{"15":7000},{"24":2200},{"30":800}]
  ],
  [
    8515,
    8111,
    [{"gem":30},{"magic":65}],
    [{"14":7200},{"24":2050},{"30":750}]
  ],
  [
    8870,
    8516,
    [{"gem":30},{"magic":60}],
    [{"14":7400},{"21":1900},{"30":700}]
  ],
  [
    9175,
    8871,
    [{"gem":25},{"magic":60}],
    [{"13":7600},{"21":1750},{"25":650}]
  ],
  [
    9430,
    9176,
    [{"gem":25},{"magic":55}],
    [{"13":7800},{"21":1600},{"25":600}]
  ],
  [
    9635,
    9431,
    [{"gem":20},{"magic":55}],
    [{"12":8000},{"18":1450},{"25":550}]
  ],
  [
    9790,
    9636,
    [{"gem":20},{"magic":50}],
    [{"12":8200},{"18":1300},{"25":500}]
  ],
  [
    9895,
    9791,
    [{"gem":15},{"magic":50}],
    [{"11":8400},{"18":1150},{"20":450}]
  ],
  [
    9950,
    9896,
    [{"gem":15},{"magic":45}],
    [{"11":8600},{"15":1000},{"20":400}]
  ],
  [
    10000,
    9951,
    [{"gem":10},{"magic":45}],
    [{"10":8800},{"15":850},{"20":350}]
  ]
],
"rank_top_list" : [0,
1,
51,
106,
211,
366,
571,
826,
1131,
1486,
1891,
2346,
2851,
3406,
4011,
4666,
5336,
5991,
6596,
7151,
7656,
8111,
8516,
8871,
9176,
9431,
9636,
9791,
9896,
9951],
"rank_bottom_list" : [0,
50,
105,
210,
365,
570,
825,
1130,
1485,
1890,
2345,
2850,
3405,
4010,
4665,
5335,
5990,
6595,
7150,
7655,
8110,
8515,
8870,
9175,
9430,
9635,
9790,
9895,
9950,
10000]
}
