{
"key": [0],
"cols": ["id","res","cost","skin","video","method"],
"vals": [
  [
    1,
    "1",
    [],
    1,
    0,
    "skin"
  ],
  [
    2,
    "2",
    [],
    2,
    0,
    "skin"
  ],
  [
    3,
    "3",
    [],
    3,
    0,
    "skin"
  ],
  [
    4,
    "mogu_1",
    [],
    0,
    1,
    "video"
  ],
  [
    5,
    "mogu_2",
    [{"gem":15}],
    0,
    0,
    "cost"
  ],
  [
    6,
    "mogu_3",
    [{"gem":50}],
    0,
    0,
    "cost"
  ],
  [
    7,
    "mogu_4",
    [],
    0,
    1,
    "video"
  ],
  [
    8,
    "mogu_5",
    [],
    0,
    1,
    "video"
  ],
  [
    9,
    "mogu_6",
    [],
    0,
    1,
    "video"
  ],
  [
    10,
    "mogu_7",
    [],
    0,
    1,
    "video"
  ],
  [
    11,
    "mogu_8",
    [{"gem":25}],
    0,
    0,
    "cost"
  ],
  [
    12,
    "mogu_9",
    [{"gem":100}],
    0,
    0,
    "cost"
  ],
  [
    13,
    "mogu_10",
    [],
    0,
    1,
    "video"
  ],
  [
    14,
    "qicai_1",
    [],
    0,
    1,
    "video"
  ],
  [
    15,
    "qicai_2",
    [{"gem":15}],
    0,
    0,
    "cost"
  ],
  [
    16,
    "qicai_3",
    [{"gem":50}],
    0,
    0,
    "cost"
  ],
  [
    17,
    "qicai_4",
    [],
    0,
    1,
    "video"
  ],
  [
    18,
    "qicai_5",
    [],
    0,
    1,
    "video"
  ],
  [
    19,
    "qicai_6",
    [],
    0,
    1,
    "video"
  ],
  [
    20,
    "qicai_7",
    [],
    0,
    1,
    "video"
  ],
  [
    21,
    "qicai_8",
    [{"gem":50}],
    0,
    0,
    "cost"
  ],
  [
    22,
    "qicai_9",
    [{"gem":200}],
    0,
    0,
    "cost"
  ],
  [
    23,
    "qicai_10",
    [],
    0,
    1,
    "video"
  ]
],
"id_list" : [1,
2,
3,
4,
5,
6,
7,
8,
9,
10,
11,
12,
13,
14,
15,
16,
17,
18,
19,
20,
21,
22,
23]
}
