{
"key": [0,1],
"cols": ["rankBottom","rankTop","upBase","award"],
"vals": [
  [
    0,
    0,
    128,
    [{"gem":3}]
  ],
  [
    5,
    1,
    1,
    [{"gem":3}]
  ],
  [
    19,
    6,
    1,
    [{"gem":3}]
  ],
  [
    50,
    20,
    2,
    [{"gem":3}]
  ],
  [
    199,
    50,
    3,
    [{"gem":3}]
  ],
  [
    499,
    200,
    7,
    [{"gem":3}]
  ],
  [
    999,
    500,
    15,
    [{"gem":3}]
  ],
  [
    1999,
    1000,
    31,
    [{"gem":3}]
  ],
  [
    4999,
    2000,
    65,
    [{"gem":3}]
  ],
  [
    10000,
    5000,
    128,
    [{"gem":3}]
  ]
],
"rank_top_list" : [0,
1,
6,
20,
50,
200,
500,
1000,
2000,
5000],
"rank_bottom_list" : [0,
5,
19,
50,
199,
499,
999,
1999,
4999,
10000]
}
