{
"key": [0],
"cols": ["id","actions"],
"vals": [
  [
    "aeration_1",
    [{"actions":[{"action":"Client_PlayAnim","param":{"Anim":"aeration_1"}}]},{"actions":[{"action":"Client_Sound","param":{"Sfx":"sfx_aeration"}}]},{"actions":[{"action":"PauseGame","param":{"PauseTime":"400"}}]},{"actions":[{"action":"Idle","param":{"Time":"400"}}]},{"actions":[{"action":"FO_Collide","param":{"Bound":"-100,-80,100,20"}}]},{"actions":[{"action":"Damage","cond":"11501","param":{"ExpDamage":"damage/10","HitAnim":"blunt","PushPower":"400"}}]},{"actions":[{"action":"BuffEx","param":{"ExpTime":"100","Name":"aeration_buff"}}]}]
  ],
  [
    "aeration_2",
    [{"actions":[{"action":"Client_PlayAnim","param":{"Anim":"aeration_1"}}]},{"actions":[{"action":"Client_Sound","param":{"Sfx":"sfx_aeration"}}]},{"actions":[{"action":"PauseGame","param":{"PauseTime":"400"}}]},{"actions":[{"action":"Idle","param":{"Time":"400"}}]},{"actions":[{"action":"FO_Collide","param":{"Bound":"-100,-80,100,20"}}]},{"actions":[{"action":"Damage","cond":"11501","param":{"ExpDamage":"damage/10","HitAnim":"blunt","PushPower":"800"}}]},{"actions":[{"action":"BuffEx","param":{"ExpTime":"200","Name":"aeration_buff"}}]}]
  ],
  [
    "aeration_3",
    [{"actions":[{"action":"Client_PlayAnim","param":{"Anim":"aeration_1"}}]},{"actions":[{"action":"Client_Sound","param":{"Sfx":"sfx_aeration"}}]},{"actions":[{"action":"PauseGame","param":{"PauseTime":"400"}}]},{"actions":[{"action":"Idle","param":{"Time":"400"}}]},{"actions":[{"action":"Damage","cond":"11503","param":{"ExpDamage":"damage/10","HitAnim":"blunt","PushPower":"800"}}]},{"actions":[{"action":"BuffEx","param":{"ExpTime":"2000","Name":"aeration_buff"}}]}]
  ],
  [
    "aeration_4",
    [{"actions":[{"action":"Client_PlayAnim","param":{"Anim":"aeration_2"}}]},{"actions":[{"action":"Client_Sound","param":{"Sfx":"sfx_aeration"}}]},{"actions":[{"action":"PauseGame","param":{"PauseTime":"400"}}]},{"actions":[{"action":"Idle","param":{"Time":"400"}}]},{"actions":[{"action":"Damage","cond":"11503","param":{"ExpDamage":"damage/10","HitAnim":"blunt","PushPower":"1200"}}]},{"actions":[{"action":"BuffEx","param":{"ExpTime":"2000","Name":"aeration_buff"}}]}]
  ],
  [
    "aeration_5",
    [{"actions":[{"action":"Client_PlayAnim","param":{"Anim":"aeration_3"}}]},{"actions":[{"action":"Client_Sound","param":{"Sfx":"sfx_aeration"}}]},{"actions":[{"action":"PauseGame","param":{"PauseTime":"400"}}]},{"actions":[{"action":"Idle","param":{"Time":"400"}}]},{"actions":[{"action":"Damage","cond":"11505","param":{"ExpDamage":"damage/10","HitAnim":"blunt","PushPower":"1200"}}]},{"actions":[{"action":"BuffEx","param":{"ExpTime":"4000","Name":"aeration_buff"}}]}]
  ],
  [
    "alpaca_bite",
    [{"actions":[{"action":"Client_PlayAnim","param":{"Anim":"bite"}}]},{"actions":[{"action":"Client_Sound","param":{"Sfx":"sfx_alpaca"}}]},{"actions":[{"action":"Idle","param":{"Time":"567"}}]},{"actions":[{"action":"Damage","cond":"20002","param":{"ExpDamage":"damage","HitAnim":"blunt","IsPTAttack":"1","PushPower":"300","RisePower":"800"}}]}]
  ],
  [
    "alpaca_spit",
    [{"actions":[{"action":"Client_PlayAnim","param":{"Anim":"spit"}}]},{"actions":[{"action":"Client_Sound","param":{"Sfx":"sfx_alpaca"}}]},{"actions":[{"action":"Idle","param":{"Time":"300"}}]},{"actions":[{"action":"Launch","param":{"MissileName":"spit_2","VecSrcDelta":"5,10"}}]},{"actions":[{"action":"Launch","param":{"Damage":"damage","MissileName":"spit_missile","SpeedX":"1000","SpeedY":"20","VecSrcDelta":"-42,102,0"}}]}]
  ],
  [
    "blast_1",
    [{"actions":[{"action":"Client_PlayAnim","param":{"Anim":"blast"}}]},{"actions":[{"action":"Idle","param":{"Time":"167"}}]},{"actions":[{"action":"Client_Effect","param":{"EffectName":"black"}}]},{"actions":[{"action":"PauseGame","param":{"PauseTime":"800"}}]},{"actions":[{"action":"Idle","param":{"Time":"800"}}]},{"actions":[{"action":"Launch","param":{"Attach":"1","GPercent":"0","MissileName":"missile_blast_1","SpeedX":"0","SpeedY":"0","VecSrcDelta":"64,52"}}]},{"actions":[{"action":"Dash","param":{"Speed":"-200"}}]},{"actions":[{"action":"Damage","cond":"10501&10502","param":{"ExpDamage":"(damage*(62+30)/30+nParam1)/8*150/100","HitAnim":"blunt","PushPower":"800","RisePower":"800"}},{"action":"Client_ShakeCamera","cond":"10501&10502","param":{"Power":"10","ShakeType":"Twitter","Time":"0.1"}},{"action":"Damage","cond":"10501&10503","param":{"ExpDamage":"(damage*(62+30)/30+nParam1)/8*90/100","HitAnim":"blunt","PushPower":"200","RisePower":"400"}},{"action":"Client_ShakeCamera","cond":"10501&10503","param":{"Power":"5","ShakeType":"Twitter","Time":"0.05"}},{"action":"Idle","param":{"Time":"125"}}],"repeat":8}]
  ],
  [
    "blast_2",
    [{"actions":[{"action":"Client_PlayAnim","param":{"Anim":"blast"}}]},{"actions":[{"action":"Idle","param":{"Time":"167"}}]},{"actions":[{"action":"Client_Effect","param":{"EffectName":"black"}}]},{"actions":[{"action":"PauseGame","param":{"PauseTime":"800"}}]},{"actions":[{"action":"Idle","param":{"Time":"800"}}]},{"actions":[{"action":"Launch","param":{"Attach":"1","GPercent":"0","MissileName":"missile_blast_2","SpeedX":"0","SpeedY":"0","VecSrcDelta":"64,52"}}]},{"actions":[{"action":"Dash","param":{"Speed":"-200"}}]},{"actions":[{"action":"Damage","cond":"10504&10505","param":{"ExpDamage":"(damage*(62+30)/30+nParam1)/12*180/100","HitAnim":"blunt","PushPower":"800","RisePower":"800"}},{"action":"Client_ShakeCamera","cond":"10504&10505","param":{"Power":"10","ShakeType":"Twitter","Time":"0.1"}},{"action":"Damage","cond":"10504&10506","param":{"ExpDamage":"(damage*(62+30)/30+nParam1)/12*90/100","HitAnim":"blunt","PushPower":"200","RisePower":"400"}},{"action":"Client_ShakeCamera","cond":"10504&10506","param":{"Power":"5","ShakeType":"Twitter","Time":"0.05"}},{"action":"Idle","param":{"Time":"85"}}],"repeat":12}]
  ],
  [
    "blast_3",
    [{"actions":[{"action":"Client_PlayAnim","param":{"Anim":"blast"}}]},{"actions":[{"action":"Idle","param":{"Time":"167"}}]},{"actions":[{"action":"Client_Effect","param":{"EffectName":"black"}}]},{"actions":[{"action":"PauseGame","param":{"PauseTime":"800"}}]},{"actions":[{"action":"Idle","param":{"Time":"800"}}]},{"actions":[{"action":"Launch","param":{"Attach":"1","GPercent":"0","MissileName":"missile_blast_3","SpeedX":"0","SpeedY":"0","VecSrcDelta":"64,52"}}]},{"actions":[{"action":"Dash","param":{"Speed":"-200"}}]},{"actions":[{"action":"Damage","cond":"10507&10508","param":{"ExpDamage":"(damage*(62+30)/30+nParam1)/16*210/100","HitAnim":"blunt","PushPower":"800","RisePower":"800"}},{"action":"Client_ShakeCamera","cond":"10507&10508","param":{"Power":"10","ShakeType":"Twitter","Time":"0.1"}},{"action":"Damage","cond":"10507&10509","param":{"ExpDamage":"(damage*(62+30)/30+nParam1)/16*90/100","HitAnim":"blunt","PushPower":"200","RisePower":"400"}},{"action":"Client_ShakeCamera","cond":"10507&10509","param":{"Power":"5","ShakeType":"Twitter","Time":"0.05"}},{"action":"Idle","param":{"Time":"65"}}],"repeat":16}]
  ],
  [
    "blast_4",
    [{"actions":[{"action":"Client_PlayAnim","param":{"Anim":"blast"}}]},{"actions":[{"action":"Idle","param":{"Time":"167"}}]},{"actions":[{"action":"Client_Effect","param":{"EffectName":"black"}}]},{"actions":[{"action":"PauseGame","param":{"PauseTime":"800"}}]},{"actions":[{"action":"Idle","param":{"Time":"800"}}]},{"actions":[{"action":"Launch","param":{"Attach":"1","GPercent":"0","MissileName":"missile_blast_4","SpeedX":"0","SpeedY":"0","VecSrcDelta":"64,52"}}]},{"actions":[{"action":"Dash","param":{"Speed":"-200"}}]},{"actions":[{"action":"Damage","cond":"10510&10511","param":{"ExpDamage":"(damage*(62+30)/30+nParam1)/16*210/100","HitAnim":"blunt","PushPower":"800","RisePower":"800"}},{"action":"Client_ShakeCamera","cond":"10510&10511","param":{"Power":"10","ShakeType":"Twitter","Time":"0.1"}},{"action":"Damage","cond":"10510&10512","param":{"ExpDamage":"(damage*(62+30)/30+nParam1)/16*90/100","HitAnim":"blunt","PushPower":"200","RisePower":"400"}},{"action":"Client_ShakeCamera","cond":"10510&10512","param":{"Power":"5","ShakeType":"Twitter","Time":"0.05"}},{"action":"Idle","param":{"Time":"65"}}],"repeat":16}]
  ],
  [
    "block",
    [{"actions":[{"action":"Client_PlayAnim","param":{"Anim":"defend_1|defend_2|defend_3|defend_4"}}]},{"actions":[{"action":"Idle","param":{"Time":"200"}}]},{"actions":[{"action":"Client_Sound","param":{"Sfx":"sfx_tread"}}]},{"actions":[{"action":"Client_ShakeCamera","param":{"Power":"5","ShakeType":"Shake","Time":"0.1"}}]},{"actions":[{"action":"Damage","cond":"10001","param":{"ExpDamage":"1","HitAnim":"blunt","PushPower":"800","RisePower":"300"}}]}]
  ],
  [
    "bullet_hjp_1",
    [{"actions":[{"action":"Launch","cond":"11103","param":{"MissileName":"bullet_hjp_explode_1","VecSrcDelta":"0,0"}},{"action":"Launch","cond":"11103","param":{"MissileName":"bullet_hjp_explode_1_1","VecSrcDelta":"0,0"}},{"action":"Over","cond":"11103","param":{}},{"action":"Idle","param":{"Time":"33"}}],"repeat":-1}]
  ],
  [
    "bullet_hjp_2",
    [{"actions":[{"action":"Launch","cond":"11103","param":{"MissileName":"bullet_hjp_explode_2","VecSrcDelta":"0,0"}},{"action":"Launch","cond":"11103","param":{"MissileName":"bullet_hjp_explode_2_1","VecSrcDelta":"0,0"}},{"action":"Over","cond":"11103","param":{}},{"action":"Idle","param":{"Time":"33"}}],"repeat":-1}]
  ],
  [
    "bullet_hjp_explode_1",
    [{"actions":[{"action":"Client_Sound","param":{"Sfx":"sfx_bomb2"}}]},{"actions":[{"action":"Client_ShakeCamera","param":{"Power":"20","ShakeType":"Shake","Time":"0.2"}}]},{"actions":[{"action":"Damage","cond":"11102","param":{"ExpDamage":"(damage*(68+30)/30+nParam1)*2/3","HitAnim":"blunt","PushPower":"900","RisePower":"1200","SteadyPercent":"200000"}},{"action":"Break","cond":"11102","param":{}},{"action":"Idle","param":{"Time":"33"}}],"repeat":-1}]
  ],
  [
    "bullet_hjp_explode_2",
    [{"actions":[{"action":"Client_Sound","param":{"Sfx":"sfx_bomb2"}}]},{"actions":[{"action":"Client_ShakeCamera","param":{"Power":"20","ShakeType":"Shake","Time":"0.2"}}]},{"actions":[{"action":"Damage","cond":"11102","param":{"ExpDamage":"(damage*(90+30)/30+nParam1)*3/8","HitAnim":"blunt","PushPower":"1200","RisePower":"1600","SteadyPercent":"200000"}},{"action":"Break","cond":"11102","param":{}},{"action":"Idle","param":{"Time":"33"}}],"repeat":-1}]
  ],
  [
    "dart1",
    [{"actions":[{"action":"Client_PlayAnim","param":{"Anim":"darts_1"}}]},{"actions":[{"action":"Client_Effect","param":{"EffectName":"black"}}]},{"actions":[{"action":"PauseGame","param":{"PauseTime":"700"}}]},{"actions":[{"action":"Idle","param":{"Time":"700"}}]},{"actions":[{"action":"Client_Sound","param":{"Sfx":"throw_dart"}}]},{"actions":[{"action":"Launch","param":{"Damage":"1080/6+(damage*(38+30)/30+nParam1)/3*30/100","MissileName":"missile_dart_1","SpeedX":"1400+rnd%200","SpeedY":"200","VecSrcDelta":"40,55"}}]},{"actions":[{"action":"Launch","param":{"Damage":"1080/6+(damage*(38+30)/30+nParam1)/3*30/100","MissileName":"missile_dart_1","SpeedX":"1400+rnd%200","SpeedY":"100","VecSrcDelta":"40,55"}}]},{"actions":[{"action":"Launch","param":{"Damage":"1080/6+(damage*(38+30)/30+nParam1)/3*30/100","MissileName":"missile_dart_1","SpeedX":"1400+rnd%200","SpeedY":"0","VecSrcDelta":"40,55"}}]},{"actions":[{"action":"Idle","param":{"Time":"266"}}]},{"actions":[{"action":"Client_Sound","param":{"Sfx":"throw_dart"}}]},{"actions":[{"action":"Launch","param":{"Damage":"1080/6+(damage*(38+30)/30+nParam1)/3*30/100","MissileName":"missile_dart_2","SpeedX":"1400+rnd%200","SpeedY":"150","VecSrcDelta":"40,50"}}]},{"actions":[{"action":"Launch","param":{"Damage":"1080/6+(damage*(38+30)/30+nParam1)/3*30/100","MissileName":"missile_dart_2","SpeedX":"1400+rnd%200","SpeedY":"50","VecSrcDelta":"40,50"}}]},{"actions":[{"action":"Launch","param":{"Damage":"1080/6+(damage*(38+30)/30+nParam1)/3*30/100","MissileName":"missile_dart_2","SpeedX":"1400+rnd%200","SpeedY":"-50","VecSrcDelta":"40,50"}}]}]
  ],
  [
    "dart2",
    [{"actions":[{"action":"Client_PlayAnim","param":{"Anim":"darts_2"}}]},{"actions":[{"action":"Idle","param":{"Time":"200"}}]},{"actions":[{"action":"Client_Sound","param":{"Sfx":"throw_dart"}}]},{"actions":[{"action":"Launch","param":{"Damage":"1080/6+(damage*(38+30)/30+nParam1)/3*30/100","MissileName":"missile_dart_1","SpeedX":"1400+rnd%200","SpeedY":"200","VecSrcDelta":"40,55"}}]},{"actions":[{"action":"Launch","param":{"Damage":"1080/6+(damage*(38+30)/30+nParam1)/3*30/100","MissileName":"missile_dart_1","SpeedX":"1400+rnd%200","SpeedY":"100","VecSrcDelta":"40,55"}}]},{"actions":[{"action":"Launch","param":{"Damage":"1080/6+(damage*(38+30)/30+nParam1)/3*30/100","MissileName":"missile_dart_1","SpeedX":"1400+rnd%200","SpeedY":"0","VecSrcDelta":"40,55"}}]},{"actions":[{"action":"Idle","param":{"Time":"233"}}]},{"actions":[{"action":"Client_Sound","param":{"Sfx":"throw_dart"}}]},{"actions":[{"action":"Launch","param":{"Damage":"1080/6+(damage*(38+30)/30+nParam1)/3*30/100","MissileName":"missile_dart_2","SpeedX":"1400+rnd%200","SpeedY":"150","VecSrcDelta":"40,50"}}]},{"actions":[{"action":"Launch","param":{"Damage":"1080/6+(damage*(38+30)/30+nParam1)/3*30/100","MissileName":"missile_dart_2","SpeedX":"1400+rnd%200","SpeedY":"50","VecSrcDelta":"40,50"}}]},{"actions":[{"action":"Launch","param":{"Damage":"1080/6+(damage*(38+30)/30+nParam1)/3*30/100","MissileName":"missile_dart_2","SpeedX":"1400+rnd%200","SpeedY":"-50","VecSrcDelta":"40,50"}}]},{"actions":[{"action":"Idle","param":{"Time":"300"}}]},{"actions":[{"action":"Client_Effect","param":{"EffectName":"black"}}]},{"actions":[{"action":"PauseGame","param":{"PauseTime":"900"}}]},{"actions":[{"action":"Idle","param":{"Time":"733"}}]},{"actions":[{"action":"Launch","param":{"Damage":"1080/6+(damage*(38+30)/30+nParam1)*25/100","MissileName":"missile_dart_5","SpeedX":"1400+rnd%200","SpeedY":"0","VecSrcDelta":"40,55"}}]}]
  ],
  [
    "dart3",
    [{"actions":[{"action":"Client_PlayAnim","param":{"Anim":"darts_3"}}]},{"actions":[{"action":"Idle","param":{"Time":"166"}}]},{"actions":[{"action":"Client_Sound","param":{"Sfx":"throw_dart"}}]},{"actions":[{"action":"Launch","param":{"Damage":"1080/6+(damage*(38+30)/30+nParam1)/3*45/100","MissileName":"missile_dart_3","SpeedX":"1400+rnd%200","SpeedY":"200","VecSrcDelta":"40,55"}}]},{"actions":[{"action":"Launch","param":{"Damage":"1080/6+(damage*(38+30)/30+nParam1)/3*45/100","MissileName":"missile_dart_3","SpeedX":"1400+rnd%200","SpeedY":"100","VecSrcDelta":"40,55"}}]},{"actions":[{"action":"Launch","param":{"Damage":"1080/6+(damage*(38+30)/30+nParam1)/3*45/100","MissileName":"missile_dart_3","SpeedX":"1400+rnd%200","SpeedY":"0","VecSrcDelta":"40,55"}}]},{"actions":[{"action":"Idle","param":{"Time":"300"}}]},{"actions":[{"action":"Client_Sound","param":{"Sfx":"throw_dart"}}]},{"actions":[{"action":"Launch","param":{"Damage":"1080/6+(damage*(38+30)/30+nParam1)/3*60/100","MissileName":"missile_dart_2","SpeedX":"1400+rnd%200","SpeedY":"150","VecSrcDelta":"40,50"}}]},{"actions":[{"action":"Launch","param":{"Damage":"1080/6+(damage*(38+30)/30+nParam1)/3*60/100","MissileName":"missile_dart_2","SpeedX":"1400+rnd%200","SpeedY":"50","VecSrcDelta":"40,50"}}]},{"actions":[{"action":"Launch","param":{"Damage":"1080/6+(damage*(38+30)/30+nParam1)/3*60/100","MissileName":"missile_dart_2","SpeedX":"1400+rnd%200","SpeedY":"-50","VecSrcDelta":"40,50"}}]},{"actions":[{"action":"Idle","param":{"Time":"300"}}]},{"actions":[{"action":"Client_Effect","param":{"EffectName":"black"}}]},{"actions":[{"action":"PauseGame","param":{"PauseTime":"1000"}}]},{"actions":[{"action":"Idle","param":{"Time":"733"}}]},{"actions":[{"action":"Launch","param":{"Damage":"1080/6+(damage*(38+30)/30+nParam1)*30/100","MissileName":"missile_dart_6","SpeedX":"1400+rnd%200","SpeedY":"0","VecSrcDelta":"40,55"}}]}]
  ],
  [
    "dog_bite",
    [{"actions":[{"action":"Client_PlayAnim","param":{"Anim":"bite"}}]},{"actions":[{"action":"Client_Sound","param":{"Sfx":"sfx_dog"}}]},{"actions":[{"action":"Idle","param":{"Time":"300"}}]},{"actions":[{"action":"Damage","cond":"20001","param":{"ExpDamage":"damage","HitAnim":"blunt","IsPTAttack":"1","PushPower":"300","RisePower":"800"}}]}]
  ],
  [
    "dragon_1",
    [{"actions":[{"action":"Client_PlayAnim","param":{"Anim":"dragon_1"}}]},{"actions":[{"action":"Idle","param":{"Time":"267"}}]},{"actions":[{"action":"Dash","param":{"Speed":"800"}}]},{"actions":[{"action":"Jump","param":{"Speed":"800"}}]},{"actions":[{"action":"Idle","param":{"Time":"33"}}]},{"actions":[{"action":"Damage","cond":"10601","param":{"ExpDamage":"(damage*(20+30)/30+nParam1)*55/100","HitAnim":"blunt","PushPower":"200","RisePower":"1800","SteadyPercent":"200000"}}]},{"actions":[{"action":"Idle","param":{"Time":"200"}}]},{"actions":[{"action":"Damage","cond":"10601","param":{"ExpDamage":"(damage*(20+30)/30+nParam1)*55/100","HitAnim":"blunt","PushPower":"200","RisePower":"2800","SteadyPercent":"200000"}}]}]
  ],
  [
    "dragon_2",
    [{"actions":[{"action":"Client_PlayAnim","param":{"Anim":"dragon_2"}}]},{"actions":[{"action":"Idle","param":{"Time":"267"}}]},{"actions":[{"action":"Dash","param":{"Speed":"800"}}]},{"actions":[{"action":"Jump","param":{"Speed":"800"}}]},{"actions":[{"action":"Idle","param":{"Time":"33"}}]},{"actions":[{"action":"Damage","cond":"10602","param":{"ExpDamage":"(damage*(22+30)/30+nParam1)*40/100","HitAnim":"blunt","PushPower":"200","RisePower":"1800","SteadyPercent":"200000"}},{"action":"Idle","param":{"Time":"100"}}],"repeat":2},{"actions":[{"action":"Damage","cond":"10602","param":{"ExpDamage":"(damage*(22+30)/30+nParam1)*40/100","HitAnim":"blunt","PushPower":"200","RisePower":"2800","SteadyPercent":"200000"}}]}]
  ],
  [
    "dragon_3",
    [{"actions":[{"action":"Client_PlayAnim","param":{"Anim":"dragon_3"}}]},{"actions":[{"action":"Idle","param":{"Time":"267"}}]},{"actions":[{"action":"Dash","param":{"Speed":"800"}}]},{"actions":[{"action":"Jump","param":{"Speed":"800"}}]},{"actions":[{"action":"Idle","param":{"Time":"33"}}]},{"actions":[{"action":"Damage","cond":"10603","param":{"ExpDamage":"(damage*(27+30)/30+nParam1)*30/100","HitAnim":"blunt","PushPower":"200","RisePower":"1800","SteadyPercent":"200000"}},{"action":"Idle","param":{"Time":"67"}}],"repeat":3},{"actions":[{"action":"Damage","cond":"10603","param":{"ExpDamage":"(damage*(27+30)/30+nParam1)*30/100","HitAnim":"blunt","PushPower":"200","RisePower":"2800","SteadyPercent":"200000"}}]}]
  ],
  [
    "dragon_4",
    [{"actions":[{"action":"Client_PlayAnim","param":{"Anim":"dragon_4"}}]},{"actions":[{"action":"Idle","param":{"Time":"267"}}]},{"actions":[{"action":"Dash","param":{"Speed":"800"}}]},{"actions":[{"action":"Jump","param":{"Speed":"800"}}]},{"actions":[{"action":"Idle","param":{"Time":"33"}}]},{"actions":[{"action":"Damage","cond":"10604","param":{"ExpDamage":"(damage*(27+30)/30+nParam1)*30/100","HitAnim":"blunt","PushPower":"200","RisePower":"1800","SteadyPercent":"200000"}},{"action":"Idle","param":{"Time":"67"}}],"repeat":3},{"actions":[{"action":"Damage","cond":"10604","param":{"ExpDamage":"(damage*(27+30)/30+nParam1)*30/100","HitAnim":"blunt","PushPower":"200","RisePower":"2800","SteadyPercent":"200000"}}]}]
  ],
  [
    "fire_ball_1",
    [{"actions":[{"action":"Client_PlayAnim","param":{"Anim":"flame_1"}}]},{"actions":[{"action":"Client_Effect","param":{"EffectName":"black"}}]},{"actions":[{"action":"PauseGame","param":{"PauseTime":"733"}}]},{"actions":[{"action":"Idle","param":{"Time":"733"}}]},{"actions":[{"action":"Particle","param":{"Anim":"flame_1","VecSrcDelta":"60,70"}}]},{"actions":[{"action":"Client_Sound","param":{"Sfx":"sfx_fire_1"}}]},{"actions":[{"action":"Launch","param":{"Damage":"(damage*(52+30)/30+nParam1)/4","MissileName":"missile_fire_dummy_s","SpeedX":"700","SpeedY":"350","VecSrcDelta":"60,35"}},{"action":"Idle","param":{"Time":"300"}}],"repeat":4}]
  ],
  [
    "fire_ball_2",
    [{"actions":[{"action":"Client_PlayAnim","param":{"Anim":"flame_2"}}]},{"actions":[{"action":"Client_Effect","param":{"EffectName":"black"}}]},{"actions":[{"action":"PauseGame","param":{"PauseTime":"733"}}]},{"actions":[{"action":"Idle","param":{"Time":"733"}}]},{"actions":[{"action":"Particle","param":{"Anim":"flame_2","VecSrcDelta":"60,70"}}]},{"actions":[{"action":"Client_Sound","param":{"Sfx":"sfx_fire_1"}}]},{"actions":[{"action":"Launch","param":{"Damage":"(damage*(52+30)/30+nParam1)/6","MissileName":"missile_fire_dummy_m","SpeedX":"700","SpeedY":"350","VecSrcDelta":"60,35"}},{"action":"Idle","param":{"Time":"250"}}],"repeat":6}]
  ],
  [
    "fire_ball_3",
    [{"actions":[{"action":"Client_PlayAnim","param":{"Anim":"flame_3"}}]},{"actions":[{"action":"Client_Effect","param":{"EffectName":"black"}}]},{"actions":[{"action":"PauseGame","param":{"PauseTime":"733"}}]},{"actions":[{"action":"Idle","param":{"Time":"733"}}]},{"actions":[{"action":"Particle","param":{"Anim":"flame_3","VecSrcDelta":"60,70"}}]},{"actions":[{"action":"Client_Sound","param":{"Sfx":"sfx_fire_1"}}]},{"actions":[{"action":"Launch","param":{"Damage":"(damage*(67+30)/30+nParam1)/8","MissileName":"missile_fire_dummy_l","SpeedX":"700","SpeedY":"350","VecSrcDelta":"60,35"}},{"action":"Idle","param":{"Time":"250"}}],"repeat":8}]
  ],
  [
    "fire_ball_4",
    [{"actions":[{"action":"Client_PlayAnim","param":{"Anim":"flame_4"}}]},{"actions":[{"action":"Client_Effect","param":{"EffectName":"black"}}]},{"actions":[{"action":"PauseGame","param":{"PauseTime":"733"}}]},{"actions":[{"action":"Idle","param":{"Time":"733"}}]},{"actions":[{"action":"Particle","param":{"Anim":"flame_4","VecSrcDelta":"60,70"}}]},{"actions":[{"action":"Client_Sound","param":{"Sfx":"sfx_fire_1"}}]},{"actions":[{"action":"Launch","param":{"Damage":"(damage*(83+30)/30+nParam1)/10","MissileName":"missile_fire_dummy_xl","SpeedX":"700","SpeedY":"350","VecSrcDelta":"60,35"}},{"action":"Idle","param":{"Time":"250"}}],"repeat":10}]
  ],
  [
    "fist_combo_1",
    [{"actions":[{"action":"Client_PlayAnim","param":{"Anim":"fist_combo_1"}}]},{"actions":[{"action":"Idle","param":{"Time":"133"}}]},{"actions":[{"action":"Client_Sound","param":{"Sfx":"wave_fist"}}]},{"actions":[{"action":"Damage","cond":"10101","param":{"ExpDamage":"(damage*(13+30)/30+nParam1)*8/10","HitAnim":"blunt_short","PushPower":"300","RisePower":"800"}}]}]
  ],
  [
    "fist_combo_2",
    [{"actions":[{"action":"Client_PlayAnim","param":{"Anim":"fist_combo_2"}}]},{"actions":[{"action":"Idle","param":{"Time":"133"}}]},{"actions":[{"action":"Client_Sound","param":{"Sfx":"wave_fist"}}]},{"actions":[{"action":"Damage","cond":"10101","param":{"ExpDamage":"((damage*(23+30)/30)+nParam1)*5/10","HitAnim":"blunt_short","PushPower":"0","RisePower":"800"}}]},{"actions":[{"action":"Idle","param":{"Time":"366"}}]},{"actions":[{"action":"Client_Sound","param":{"Sfx":"wave_fist"}}]},{"actions":[{"action":"Damage","cond":"10101","param":{"ExpDamage":"(damage*(23+30)/30+nParam1)*7/10","HitAnim":"blunt_short","PushPower":"300","RisePower":"800"}}]}]
  ],
  [
    "fist_heavy",
    [{"actions":[{"action":"Client_PlayAnim","param":{"Anim":"fist_heavy"}}]},{"actions":[{"action":"Idle","param":{"Time":"266"}}]},{"actions":[{"action":"Dash","param":{"Speed":"400"}}]},{"actions":[{"action":"Client_Sound","param":{"Sfx":"wave_heavy"}}]},{"actions":[{"action":"Damage","cond":"10102","param":{"ExpDamage":"(damage*(24+30)/30+nParam1)*10/10","HitAnim":"blunt_short","PushPower":"750","RisePower":"800"}},{"action":"Idle","param":{"Time":"150"}}],"repeat":2}]
  ],
  [
    "kick_combo_1",
    [{"actions":[{"action":"Client_PlayAnim","param":{"Anim":"kick_combo_1"}}]},{"actions":[{"action":"Idle","param":{"Time":"133"}}]},{"actions":[{"action":"Client_Sound","param":{"Sfx":"wave_fist"}}]},{"actions":[{"action":"Damage","cond":"10301","param":{"ExpDamage":"(damage*(11+30)/30+nParam1)*8/10","HitAnim":"blunt","PushPower":"nParam1","RisePower":"600"}}]},{"actions":[{"action":"Dash","cond":"10301","param":{"Speed":"-nParam1*2/3"}}]}]
  ],
  [
    "kick_combo_2",
    [{"actions":[{"action":"Client_PlayAnim","param":{"Anim":"kick_combo_2"}}]},{"actions":[{"action":"Idle","param":{"Time":"133"}}]},{"actions":[{"action":"Client_Sound","param":{"Sfx":"wave_fist"}}]},{"actions":[{"action":"Damage","cond":"10301","param":{"ExpDamage":"(damage*(21+30)/30+nParam1)*50/100","HitAnim":"blunt","PushPower":"0","RisePower":"600"}}]},{"actions":[{"action":"Idle","param":{"Time":"333"}}]},{"actions":[{"action":"Client_Sound","param":{"Sfx":"wave_fist"}}]},{"actions":[{"action":"Damage","cond":"10301","param":{"ExpDamage":"(damage*(21+30)/30+nParam1)*75/100","HitAnim":"blunt","PushPower":"450","RisePower":"600"}}]},{"actions":[{"action":"Dash","cond":"10301","param":{"Speed":"-300"}}]}]
  ],
  [
    "kick_jump",
    [{"actions":[{"action":"Dash","param":{"Speed":"600"}}]},{"actions":[{"action":"Client_PlayAnim","param":{"Anim":"kick_jump"}}]},{"actions":[{"action":"Idle","param":{"Time":"233"}}]},{"actions":[{"action":"Client_Sound","param":{"Sfx":"wave_fist"}}]},{"actions":[{"action":"Damage","cond":"10302","param":{"ExpDamage":"(damage*(23+30)/30+nParam1)*10/10","HitAnim":"blunt","PushPower":"800","RisePower":"400"}},{"action":"Break","cond":"10302","param":{}},{"action":"Idle","param":{"Time":"34"}}],"repeat":5}]
  ],
  [
    "kneel_hit_1",
    [{"actions":[{"action":"Client_PlayAnim","param":{"Anim":"kneel_hit"}}]},{"actions":[{"action":"PauseGame","param":{"PauseTime":"366"}}]},{"actions":[{"action":"Idle","param":{"Time":"366"}}]},{"actions":[{"action":"Launch","param":{"Attach":"1","MissileName":"missile_kneel_1","VecSrcDelta":"90,0"}}]},{"actions":[{"action":"Launch","param":{"Attach":"1","MissileName":"missile_kneel_1_1","VecSrcDelta":"90,0"}}]}]
  ],
  [
    "kneel_hit_2",
    [{"actions":[{"action":"Client_PlayAnim","param":{"Anim":"kneel_hit"}}]},{"actions":[{"action":"PauseGame","param":{"PauseTime":"366"}}]},{"actions":[{"action":"Idle","param":{"Time":"366"}}]},{"actions":[{"action":"Launch","param":{"Attach":"1","MissileName":"missile_kneel_2","VecSrcDelta":"90,0"}}]},{"actions":[{"action":"Launch","param":{"Attach":"1","MissileName":"missile_kneel_2_1","VecSrcDelta":"90,0"}}]},{"actions":[{"action":"Idle","param":{"Time":"334"}}]},{"actions":[{"action":"Client_PlayAnim","param":{"Anim":"kneel_hit"}}]},{"actions":[{"action":"Idle","param":{"Time":"366"}}]},{"actions":[{"action":"Launch","param":{"Attach":"1","MissileName":"missile_kneel_2","VecSrcDelta":"90,0"}}]},{"actions":[{"action":"Launch","param":{"Attach":"1","MissileName":"missile_kneel_2_1","VecSrcDelta":"90,0"}}]}]
  ],
  [
    "kneel_hit_3",
    [{"actions":[{"action":"Client_PlayAnim","param":{"Anim":"kneel_hit"}}]},{"actions":[{"action":"PauseGame","param":{"PauseTime":"366"}}]},{"actions":[{"action":"Idle","param":{"Time":"366"}}]},{"actions":[{"action":"Launch","param":{"Attach":"1","MissileName":"missile_kneel_3","VecSrcDelta":"90,0"}}]},{"actions":[{"action":"Launch","param":{"Attach":"1","MissileName":"missile_kneel_3_1","VecSrcDelta":"90,0"}}]},{"actions":[{"action":"Idle","param":{"Time":"334"}}]},{"actions":[{"action":"Client_PlayAnim","param":{"Anim":"kneel_hit"}},{"action":"Idle","param":{"Time":"366"}},{"action":"Launch","param":{"Attach":"1","MissileName":"missile_kneel_3","VecSrcDelta":"90,0"}},{"action":"Launch","param":{"Attach":"1","MissileName":"missile_kneel_3_1","VecSrcDelta":"90,0"}},{"action":"Idle","param":{"Time":"334"}}],"repeat":2}]
  ],
  [
    "kneel_hit_4",
    [{"actions":[{"action":"Client_PlayAnim","param":{"Anim":"kneel_hit"}}]},{"actions":[{"action":"PauseGame","param":{"PauseTime":"366"}}]},{"actions":[{"action":"Idle","param":{"Time":"366"}}]},{"actions":[{"action":"Launch","param":{"Attach":"1","MissileName":"missile_kneel_4","VecSrcDelta":"90,0"}}]},{"actions":[{"action":"Launch","param":{"Attach":"1","MissileName":"missile_kneel_4_1","VecSrcDelta":"90,0"}}]},{"actions":[{"action":"Idle","param":{"Time":"334"}}]},{"actions":[{"action":"Client_PlayAnim","param":{"Anim":"kneel_hit"}},{"action":"Idle","param":{"Time":"366"}},{"action":"Launch","param":{"Attach":"1","MissileName":"missile_kneel_4","VecSrcDelta":"90,0"}},{"action":"Launch","param":{"Attach":"1","MissileName":"missile_kneel_3_1","VecSrcDelta":"90,0"}},{"action":"Idle","param":{"Time":"334"}}],"repeat":3}]
  ],
  [
    "lightning_rush_1",
    [{"actions":[{"action":"Client_PlayAnim","param":{"Anim":"lightning_1"}}]},{"actions":[{"action":"Client_Effect","param":{"EffectName":"black"}}]},{"actions":[{"action":"Client_Sound","param":{"Sfx":"sfx_shork"}}]},{"actions":[{"action":"PauseGame","param":{"PauseTime":"800"}}]},{"actions":[{"action":"Idle","param":{"Time":"830"}}]},{"actions":[{"action":"Launch","param":{"Attach":"1","MissileName":"missile_lightning_rush_1","VecSrcDelta":"65,52"}}]},{"actions":[{"action":"Damage","cond":"10901","param":{"ExpDamage":"(damage*(40+30)/30+nParam1)","HitAnim":"shork","Pause":"800","PushPower":"1600","RisePower":"2000","SteadyPercent":"200000"}},{"action":"Break","cond":"10901","param":{}},{"action":"Dash","param":{"Speed":"500"}},{"action":"Idle","param":{"Time":"50"}}],"repeat":-1}]
  ],
  [
    "lightning_rush_2",
    [{"actions":[{"action":"Client_PlayAnim","param":{"Anim":"lightning_2"}}]},{"actions":[{"action":"Client_Effect","param":{"EffectName":"black"}}]},{"actions":[{"action":"Client_Sound","param":{"Sfx":"sfx_shork"}}]},{"actions":[{"action":"PauseGame","param":{"PauseTime":"830"}}]},{"actions":[{"action":"Idle","param":{"Time":"830"}}]},{"actions":[{"action":"Launch","param":{"Attach":"1","MissileName":"missile_lightning_rush_2","VecSrcDelta":"65,52"}}]},{"actions":[{"action":"Damage","cond":"10901","param":{"ExpDamage":"(damage*(40+30)/30+nParam1)","HitAnim":"shork2","Pause":"800","PushPower":"1600","RisePower":"2000","SteadyPercent":"200000"}},{"action":"Break","cond":"10901","param":{}},{"action":"Dash","param":{"Speed":"500"}},{"action":"Idle","param":{"Time":"50"}}],"repeat":-1}]
  ],
  [
    "lightning_rush_3",
    [{"actions":[{"action":"Client_PlayAnim","param":{"Anim":"lightning_3"}}]},{"actions":[{"action":"Client_Effect","param":{"EffectName":"black"}}]},{"actions":[{"action":"Client_Sound","param":{"Sfx":"sfx_shork"}}]},{"actions":[{"action":"PauseGame","param":{"PauseTime":"830"}}]},{"actions":[{"action":"Idle","param":{"Time":"830"}}]},{"actions":[{"action":"Launch","param":{"Attach":"1","MissileName":"missile_lightning_rush_3","VecSrcDelta":"65,52"}}]},{"actions":[{"action":"Damage","cond":"10901","param":{"ExpDamage":"(damage*(40+30)/30+nParam1)","HitAnim":"shork3","Pause":"800","PushPower":"1600","RisePower":"2000","SteadyPercent":"200000"}},{"action":"Break","cond":"10901","param":{}},{"action":"Dash","param":{"Speed":"500"}},{"action":"Idle","param":{"Time":"50"}}],"repeat":-1}]
  ],
  [
    "lightning_rush_4",
    [{"actions":[{"action":"Client_PlayAnim","param":{"Anim":"lightning_4"}}]},{"actions":[{"action":"Client_Effect","param":{"EffectName":"black"}}]},{"actions":[{"action":"Client_Sound","param":{"Sfx":"sfx_shork"}}]},{"actions":[{"action":"PauseGame","param":{"PauseTime":"830"}}]},{"actions":[{"action":"Idle","param":{"Time":"830"}}]},{"actions":[{"action":"Launch","param":{"Attach":"1","MissileName":"missile_lightning_rush_4","VecSrcDelta":"65,52"}}]},{"actions":[{"action":"Damage","cond":"10901","param":{"ExpDamage":"(damage*(40+30)/30+nParam1)","HitAnim":"shork3","Pause":"800","PushPower":"1600","RisePower":"2000","SteadyPercent":"200000"}},{"action":"Break","cond":"10901","param":{}},{"action":"Dash","param":{"Speed":"500"}},{"action":"Idle","param":{"Time":"50"}}],"repeat":-1}]
  ],
  [
    "missile_kneel_1",
    [{"actions":[{"action":"Client_Sound","param":{"Sfx":"sfx_bomb1"}}]},{"actions":[{"action":"Idle","param":{"Time":"100"}}]},{"actions":[{"action":"Client_Sound","param":{"Sfx":"sfx_tread"}}]},{"actions":[{"action":"Damage","cond":"11401","param":{"ExpDamage":"(damage*(20+30)/30+nParam1)*1","HitAnim":"blunt","PushPower":"10","RisePower":"1400","SteadyPercent":"200000"}}]},{"actions":[{"action":"Client_ShakeCamera","cond":"11401","param":{"Power":"20","ShakeType":"Shake","Time":"0.2"}}]}]
  ],
  [
    "missile_kneel_2",
    [{"actions":[{"action":"Client_Sound","param":{"Sfx":"sfx_bomb1"}}]},{"actions":[{"action":"Idle","param":{"Time":"100"}}]},{"actions":[{"action":"Client_Sound","param":{"Sfx":"sfx_tread"}}]},{"actions":[{"action":"Damage","cond":"11401","param":{"ExpDamage":"(damage*(40+30)/30+nParam1)*1/2","HitAnim":"blunt","PushPower":"10","RisePower":"1400","SteadyPercent":"200000"}}]},{"actions":[{"action":"Client_ShakeCamera","cond":"11401","param":{"Power":"20","ShakeType":"Shake","Time":"0.2"}}]}]
  ],
  [
    "missile_kneel_3",
    [{"actions":[{"action":"Client_Sound","param":{"Sfx":"sfx_bomb1"}}]},{"actions":[{"action":"Idle","param":{"Time":"100"}}]},{"actions":[{"action":"Client_Sound","param":{"Sfx":"sfx_tread"}}]},{"actions":[{"action":"Damage","cond":"11401","param":{"ExpDamage":"(damage*(60+30)/30+nParam1)*1/3","HitAnim":"blunt","PushPower":"10","RisePower":"1400","SteadyPercent":"200000"}}]},{"actions":[{"action":"Client_ShakeCamera","cond":"11401","param":{"Power":"20","ShakeType":"Shake","Time":"0.2"}}]}]
  ],
  [
    "missile_kneel_4",
    [{"actions":[{"action":"Client_Sound","param":{"Sfx":"sfx_bomb1"}}]},{"actions":[{"action":"Idle","param":{"Time":"100"}}]},{"actions":[{"action":"Client_Sound","param":{"Sfx":"sfx_tread"}}]},{"actions":[{"action":"Damage","cond":"11401","param":{"ExpDamage":"(damage*(80+30)/30+nParam1)*1/4","HitAnim":"blunt","PushPower":"10","RisePower":"1400","SteadyPercent":"200000"}}]},{"actions":[{"action":"Client_ShakeCamera","cond":"11401","param":{"Power":"20","ShakeType":"Shake","Time":"0.2"}}]}]
  ],
  [
    "reinforce_1",
    [{"actions":[{"action":"Client_PlayAnim","param":{"Anim":"call"}}]},{"actions":[{"action":"Client_Effect","param":{"EffectName":"black"}}]},{"actions":[{"action":"Client_Sound","param":{"Sfx":"sfx_call"}}]},{"actions":[{"action":"Client_Sound","param":{"Sfx":"sfx_soldier"}}]},{"actions":[{"action":"PauseGame","param":{"PauseTime":"1500"}}]},{"actions":[{"action":"Idle","param":{"Time":"1500"}}]},{"actions":[{"action":"Launch","param":{"MissileName":"soldier_1_1","SpeedX":"800","SpeedY":"0","VecLaunchPos":"-680,-160"}}]},{"actions":[{"action":"Idle","param":{"Time":"100"}}]},{"actions":[{"action":"Launch","param":{"MissileName":"soldier_1_2","SpeedX":"800","SpeedY":"0","VecLaunchPos":"-680,-180"}}]},{"actions":[{"action":"Idle","param":{"Time":"100"}}]},{"actions":[{"action":"Launch","param":{"MissileName":"soldier_1_2","SpeedX":"800","SpeedY":"0","VecLaunchPos":"-680,-160"}}]},{"actions":[{"action":"Idle","param":{"Time":"100"}}]},{"actions":[{"action":"Launch","param":{"MissileName":"soldier_1_2","SpeedX":"800","SpeedY":"0","VecLaunchPos":"-680,-180"}}]},{"actions":[{"action":"Idle","param":{"Time":"200"}}]}]
  ],
  [
    "reinforce_2",
    [{"actions":[{"action":"Client_PlayAnim","param":{"Anim":"call"}}]},{"actions":[{"action":"Client_Effect","param":{"EffectName":"black"}}]},{"actions":[{"action":"Client_Sound","param":{"Sfx":"sfx_call"}}]},{"actions":[{"action":"Client_Sound","param":{"Sfx":"sfx_soldier"}}]},{"actions":[{"action":"PauseGame","param":{"PauseTime":"1400"}}]},{"actions":[{"action":"Idle","param":{"Time":"1400"}}]},{"actions":[{"action":"Launch","param":{"MissileName":"soldier_2_1","SpeedX":"800","SpeedY":"0","VecLaunchPos":"-780,-160"}}]},{"actions":[{"action":"Idle","param":{"Time":"100"}}]},{"actions":[{"action":"Launch","param":{"MissileName":"soldier_2_2","SpeedX":"800","SpeedY":"0","VecLaunchPos":"-780,-140"}}]},{"actions":[{"action":"Idle","param":{"Time":"100"}}]},{"actions":[{"action":"Launch","param":{"MissileName":"soldier_2_2","SpeedX":"800","SpeedY":"0","VecLaunchPos":"-780,-160"}}]},{"actions":[{"action":"Idle","param":{"Time":"100"}}]},{"actions":[{"action":"Launch","param":{"MissileName":"soldier_2_2","SpeedX":"800","SpeedY":"0","VecLaunchPos":"-780,-180"}}]},{"actions":[{"action":"Idle","param":{"Time":"200"}}]},{"actions":[{"action":"Launch","param":{"MissileName":"soldier_2_1","SpeedX":"800","SpeedY":"0","VecLaunchPos":"-780,-140"}}]},{"actions":[{"action":"Idle","param":{"Time":"100"}}]},{"actions":[{"action":"Launch","param":{"MissileName":"soldier_2_2","SpeedX":"800","SpeedY":"0","VecLaunchPos":"-780,-180"}}]},{"actions":[{"action":"Idle","param":{"Time":"100"}}]},{"actions":[{"action":"Launch","param":{"MissileName":"soldier_2_2","SpeedX":"800","SpeedY":"0","VecLaunchPos":"-780,-160"}}]}]
  ],
  [
    "reinforce_3",
    [{"actions":[{"action":"Client_PlayAnim","param":{"Anim":"call"}}]},{"actions":[{"action":"Client_Effect","param":{"EffectName":"black"}}]},{"actions":[{"action":"Client_Sound","param":{"Sfx":"sfx_call"}}]},{"actions":[{"action":"Client_Sound","param":{"Sfx":"sfx_soldier"}}]},{"actions":[{"action":"PauseGame","param":{"PauseTime":"1300"}}]},{"actions":[{"action":"Idle","param":{"Time":"1300"}}]},{"actions":[{"action":"Launch","param":{"MissileName":"soldier_3_1","SpeedX":"800","SpeedY":"0","VecLaunchPos":"-880,-160"}}]},{"actions":[{"action":"Idle","param":{"Time":"100"}}]},{"actions":[{"action":"Launch","param":{"MissileName":"soldier_3_2","SpeedX":"800","SpeedY":"0","VecLaunchPos":"-880,-140"}}]},{"actions":[{"action":"Idle","param":{"Time":"100"}}]},{"actions":[{"action":"Launch","param":{"MissileName":"soldier_3_2","SpeedX":"800","SpeedY":"0","VecLaunchPos":"-880,-160"}}]},{"actions":[{"action":"Idle","param":{"Time":"100"}}]},{"actions":[{"action":"Launch","param":{"MissileName":"soldier_3_2","SpeedX":"800","SpeedY":"0","VecLaunchPos":"-880,-180"}}]},{"actions":[{"action":"Idle","param":{"Time":"100"}}]},{"actions":[{"action":"Launch","param":{"MissileName":"soldier_3_2","SpeedX":"800","SpeedY":"0","VecLaunchPos":"-880,-180"}}]},{"actions":[{"action":"Idle","param":{"Time":"200"}}]},{"actions":[{"action":"Launch","param":{"MissileName":"soldier_3_1","SpeedX":"800","SpeedY":"0","VecLaunchPos":"-880,-160"}}]},{"actions":[{"action":"Idle","param":{"Time":"100"}}]},{"actions":[{"action":"Launch","param":{"MissileName":"soldier_3_2","SpeedX":"800","SpeedY":"0","VecLaunchPos":"-880,-180"}}]},{"actions":[{"action":"Idle","param":{"Time":"100"}}]},{"actions":[{"action":"Launch","param":{"MissileName":"soldier_3_2","SpeedX":"800","SpeedY":"0","VecLaunchPos":"-880,-140"}}]},{"actions":[{"action":"Idle","param":{"Time":"100"}}]},{"actions":[{"action":"Launch","param":{"MissileName":"soldier_3_2","SpeedX":"800","SpeedY":"0","VecLaunchPos":"-880,-160"}}]},{"actions":[{"action":"Idle","param":{"Time":"100"}}]},{"actions":[{"action":"Launch","param":{"MissileName":"soldier_3_2","SpeedX":"800","SpeedY":"0","VecLaunchPos":"-880,-180"}}]}]
  ],
  [
    "reinforce_4",
    [{"actions":[{"action":"Client_PlayAnim","param":{"Anim":"call"}}]},{"actions":[{"action":"Client_Effect","param":{"EffectName":"black"}}]},{"actions":[{"action":"Client_Sound","param":{"Sfx":"sfx_call"}}]},{"actions":[{"action":"Client_Sound","param":{"Sfx":"sfx_soldier"}}]},{"actions":[{"action":"PauseGame","param":{"PauseTime":"1200"}}]},{"actions":[{"action":"Idle","param":{"Time":"1200"}}]},{"actions":[{"action":"Launch","param":{"MissileName":"soldier_4_1","SpeedX":"800","SpeedY":"0","VecLaunchPos":"-880,-160"}}]},{"actions":[{"action":"Idle","param":{"Time":"100"}}]},{"actions":[{"action":"Launch","param":{"MissileName":"soldier_4_2","SpeedX":"800","SpeedY":"0","VecLaunchPos":"-880,-140"}}]},{"actions":[{"action":"Idle","param":{"Time":"100"}}]},{"actions":[{"action":"Launch","param":{"MissileName":"soldier_4_2","SpeedX":"800","SpeedY":"0","VecLaunchPos":"-880,-160"}}]},{"actions":[{"action":"Idle","param":{"Time":"100"}}]},{"actions":[{"action":"Launch","param":{"MissileName":"soldier_4_2","SpeedX":"800","SpeedY":"0","VecLaunchPos":"-880,-180"}}]},{"actions":[{"action":"Idle","param":{"Time":"100"}}]},{"actions":[{"action":"Launch","param":{"MissileName":"soldier_4_2","SpeedX":"800","SpeedY":"0","VecLaunchPos":"-880,-180"}}]},{"actions":[{"action":"Idle","param":{"Time":"200"}}]},{"actions":[{"action":"Launch","param":{"MissileName":"soldier_4_1","SpeedX":"800","SpeedY":"0","VecLaunchPos":"-880,-160"}}]},{"actions":[{"action":"Idle","param":{"Time":"100"}}]},{"actions":[{"action":"Launch","param":{"MissileName":"soldier_4_2","SpeedX":"800","SpeedY":"0","VecLaunchPos":"-880,-140"}}]},{"actions":[{"action":"Idle","param":{"Time":"100"}}]},{"actions":[{"action":"Launch","param":{"MissileName":"soldier_4_2","SpeedX":"800","SpeedY":"0","VecLaunchPos":"-880,-160"}}]},{"actions":[{"action":"Idle","param":{"Time":"100"}}]},{"actions":[{"action":"Launch","param":{"MissileName":"soldier_4_2","SpeedX":"800","SpeedY":"0","VecLaunchPos":"-880,-180"}}]},{"actions":[{"action":"Idle","param":{"Time":"100"}}]},{"actions":[{"action":"Launch","param":{"MissileName":"soldier_4_2","SpeedX":"800","SpeedY":"0","VecLaunchPos":"-880,-160"}}]}]
  ],
  [
    "shoot_1",
    [{"actions":[{"action":"Client_PlayAnim","param":{"Anim":"shoot_1"}}]},{"actions":[{"action":"Client_Effect","param":{"EffectName":"black"}}]},{"actions":[{"action":"Client_Sound","param":{"Sfx":"sfx_shoot0"}}]},{"actions":[{"action":"PauseGame","param":{"PauseTime":"700"}}]},{"actions":[{"action":"Idle","param":{"Time":"700"}}]},{"actions":[{"action":"Client_Sound","param":{"Sfx":"sfx_shoot1"}},{"action":"Launch","param":{"Damage":"(damage*(64+30)/30+nParam1)/5","MissileName":"bullet_pistol","SpeedX":"1600+rnd%200","SpeedY":"-30+rnd%60","VecSrcDelta":"82,86"}},{"action":"Idle","param":{"Time":"167"}}],"repeat":3},{"actions":[{"action":"Idle","param":{"Time":"566"}}]},{"actions":[{"action":"Client_Sound","param":{"Sfx":"sfx_shoot2"}}]},{"actions":[{"action":"Damage","cond":"11101","param":{"ExpDamage":"(damage*(64+30)/30+nParam1)*2/5","PushPower":"1600","RisePower":"600"}}]}]
  ],
  [
    "shoot_2",
    [{"actions":[{"action":"Client_PlayAnim","param":{"Anim":"shoot_2"}}]},{"actions":[{"action":"Client_Effect","param":{"EffectName":"black"}}]},{"actions":[{"action":"Client_Sound","param":{"Sfx":"sfx_shoot0"}}]},{"actions":[{"action":"PauseGame","param":{"PauseTime":"766"}}]},{"actions":[{"action":"Idle","param":{"Time":"766"}}]},{"actions":[{"action":"Client_Sound","param":{"Sfx":"sfx_shoot2"}}]},{"actions":[{"action":"Damage","cond":"11101","param":{"ExpDamage":"(damage*(82+30)/30+nParam1)*2/7","PushPower":"1600","RisePower":"600"}}]},{"actions":[{"action":"Idle","param":{"Time":"1166"}}]},{"actions":[{"action":"Client_Sound","param":{"Sfx":"sfx_shoot3"}}]},{"actions":[{"action":"Launch","param":{"Damage":"(damage*(82+30)/30+nParam1)/7","MissileName":"bullet_machinegun","SpeedX":"1600+rnd%200","SpeedY":"-30+rnd%60","VecSrcDelta":"105,33"}},{"action":"Idle","param":{"Time":"166"}}],"repeat":5}]
  ],
  [
    "shoot_3",
    [{"actions":[{"action":"Client_PlayAnim","param":{"Anim":"shoot_3"}}]},{"actions":[{"action":"Client_Effect","param":{"EffectName":"black"}}]},{"actions":[{"action":"Client_Sound","param":{"Sfx":"sfx_shoot0"}}]},{"actions":[{"action":"PauseGame","param":{"PauseTime":"766"}}]},{"actions":[{"action":"Idle","param":{"Time":"766"}}]},{"actions":[{"action":"Client_Sound","param":{"Sfx":"sfx_shoot2"}}]},{"actions":[{"action":"Damage","cond":"11101","param":{"ExpDamage":"(damage*(68+30)/30+nParam1)/3","PushPower":"1600","RisePower":"600"}}]},{"actions":[{"action":"Idle","param":{"Time":"900"}}]},{"actions":[{"action":"Client_Sound","param":{"Sfx":"sfx_hjp"}}]},{"actions":[{"action":"Launch","param":{"MissileName":"bullet_hjp_1","SpeedX":"1600+rnd%200","SpeedY":"-30+rnd%60","VecSrcDelta":"65,65"}}]}]
  ],
  [
    "shoot_4",
    [{"actions":[{"action":"Client_PlayAnim","param":{"Anim":"shoot_4"}}]},{"actions":[{"action":"Client_Effect","param":{"EffectName":"black"}}]},{"actions":[{"action":"Client_Sound","param":{"Sfx":"sfx_shoot0"}}]},{"actions":[{"action":"PauseGame","param":{"PauseTime":"1100"}}]},{"actions":[{"action":"Idle","param":{"Time":"1100"}}]},{"actions":[{"action":"Client_Sound","param":{"Sfx":"sfx_shoot3"}}]},{"actions":[{"action":"Launch","param":{"Damage":"(damage*(90+30)/30+nParam1)/8","MissileName":"bullet_machinegun","SpeedX":"1600+rnd%200","SpeedY":"-30+rnd%60","VecSrcDelta":"105,33"}},{"action":"Idle","param":{"Time":"166"}}],"repeat":5},{"actions":[{"action":"Idle","param":{"Time":"633"}}]},{"actions":[{"action":"Client_Sound","param":{"Sfx":"sfx_hjp"}}]},{"actions":[{"action":"Launch","param":{"MissileName":"bullet_hjp_2","SpeedX":"1600+rnd%200","SpeedY":"-30+rnd%60","VecSrcDelta":"65,65"}}]}]
  ],
  [
    "soldier_1_1",
    [{"actions":[{"action":"Client_ShakeCamera","param":{"Power":"15","ShakeType":"Shake","Time":"0.3"}},{"action":"Idle","param":{"Time":"30+rnd%20"}},{"action":"Damage","cond":"11201","param":{"ExpDamage":"(damage*(60+30)/30+nParam1)/4","HitAnim":"blunt","PushPower":"300","RisePower":"1200","SteadyPercent":"20000"}},{"action":"Break","cond":"11201","param":{}},{"action":"Idle","param":{"Time":"150+rnd%50"}}],"repeat":-1}]
  ],
  [
    "soldier_1_2",
    [{"actions":[{"action":"Client_ShakeCamera","param":{"Power":"15","ShakeType":"Shake","Time":"0.3"}},{"action":"Idle","param":{"Time":"30+rnd%50"}},{"action":"Damage","cond":"11201","param":{"ExpDamage":"(damage*(60+30)/30+nParam1)/4","HitAnim":"blunt","PushPower":"300","RisePower":"1200","SteadyPercent":"20000"}},{"action":"Break","cond":"11201","param":{}},{"action":"Idle","param":{"Time":"150+rnd%50"}}],"repeat":-1}]
  ],
  [
    "soldier_2_1",
    [{"actions":[{"action":"Client_ShakeCamera","param":{"Power":"15","ShakeType":"Shake","Time":"0.3"}},{"action":"Idle","param":{"Time":"30+rnd%20"}},{"action":"Damage","cond":"11201","param":{"ExpDamage":"(damage*(69+30)/30+nParam1)/7","HitAnim":"blunt","PushPower":"400","RisePower":"1400","SteadyPercent":"20000"}},{"action":"Break","cond":"11201","param":{}},{"action":"Idle","param":{"Time":"150+rnd%50"}}],"repeat":-1}]
  ],
  [
    "soldier_2_2",
    [{"actions":[{"action":"Client_ShakeCamera","param":{"Power":"15","ShakeType":"Shake","Time":"0.3"}},{"action":"Idle","param":{"Time":"30+rnd%50"}},{"action":"Damage","cond":"11201","param":{"ExpDamage":"(damage*(69+30)/30+nParam1)/7","HitAnim":"blunt","PushPower":"400","RisePower":"1400","SteadyPercent":"20000"}},{"action":"Break","cond":"11201","param":{}},{"action":"Idle","param":{"Time":"150+rnd%50"}}],"repeat":-1}]
  ],
  [
    "soldier_3_1",
    [{"actions":[{"action":"Client_ShakeCamera","param":{"Power":"15","ShakeType":"Shake","Time":"0.3"}},{"action":"Idle","param":{"Time":"30+rnd%20"}},{"action":"Damage","cond":"11201","param":{"ExpDamage":"(damage*(78+30)/30+nParam1)/10","HitAnim":"blunt","PushPower":"500","RisePower":"1600","SteadyPercent":"20000"}},{"action":"Break","cond":"11201","param":{}},{"action":"Idle","param":{"Time":"150+rnd%50"}}],"repeat":-1}]
  ],
  [
    "soldier_3_2",
    [{"actions":[{"action":"Client_ShakeCamera","param":{"Power":"15","ShakeType":"Shake","Time":"0.3"}},{"action":"Idle","param":{"Time":"30+rnd%50"}},{"action":"Damage","cond":"11201","param":{"ExpDamage":"(damage*(78+30)/30+nParam1)/10","HitAnim":"blunt","PushPower":"500","RisePower":"1600","SteadyPercent":"20000"}},{"action":"Break","cond":"11201","param":{}},{"action":"Idle","param":{"Time":"150+rnd%50"}}],"repeat":-1}]
  ],
  [
    "soldier_4_1",
    [{"actions":[{"action":"Client_ShakeCamera","param":{"Power":"15","ShakeType":"Shake","Time":"0.3"}},{"action":"Idle","param":{"Time":"30+rnd%20"}},{"action":"Damage","cond":"11201","param":{"ExpDamage":"(damage*(78+30)/30+nParam1)/10","HitAnim":"blunt","PushPower":"600","RisePower":"1800","SteadyPercent":"20000"}},{"action":"Break","cond":"11201","param":{}},{"action":"Idle","param":{"Time":"150+rnd%50"}}],"repeat":-1}]
  ],
  [
    "soldier_4_2",
    [{"actions":[{"action":"Client_ShakeCamera","param":{"Power":"15","ShakeType":"Shake","Time":"0.3"}},{"action":"Idle","param":{"Time":"30+rnd%50"}},{"action":"Damage","cond":"11201","param":{"ExpDamage":"(damage*(78+30)/30+nParam1)/10","HitAnim":"blunt","PushPower":"600","RisePower":"1800","SteadyPercent":"20000"}},{"action":"Break","cond":"11201","param":{}},{"action":"Idle","param":{"Time":"150+rnd%50"}}],"repeat":-1}]
  ],
  [
    "spin_kick_1",
    [{"actions":[{"action":"Client_PlayAnim","param":{"Anim":"spinkick_1"}}]},{"actions":[{"action":"Client_Effect","param":{"EffectName":"black"}}]},{"actions":[{"action":"PauseGame","param":{"PauseTime":"733"}}]},{"actions":[{"action":"Idle","param":{"Time":"733"}}]},{"actions":[{"action":"Client_PlayAnim","param":{"Anim":"spinkick_2_1","IsLoop":"1"}}]},{"actions":[{"action":"Dash","param":{"Speed":"200"}}]},{"actions":[{"action":"Dash","param":{"Speed":"75"}},{"action":"Damage","cond":"10701&10702","param":{"ExpDamage":"(damage*(45+30)/30+nParam1)/10","HitAnim":"blunt","PushPower":"400","RisePower":"400"}},{"action":"Idle","param":{"Time":"17"}}],"repeat":40},{"actions":[{"action":"Client_PlayAnim","param":{"Anim":"spinkick_3"}}]}]
  ],
  [
    "spin_kick_2",
    [{"actions":[{"action":"Client_PlayAnim","param":{"Anim":"spinkick_1"}}]},{"actions":[{"action":"Client_Effect","param":{"EffectName":"black"}}]},{"actions":[{"action":"PauseGame","param":{"PauseTime":"700"}}]},{"actions":[{"action":"Idle","param":{"Time":"700"}}]},{"actions":[{"action":"Client_PlayAnim","param":{"Anim":"spinkick_2_2","IsLoop":"1"}}]},{"actions":[{"action":"Dash","param":{"Speed":"200"}}]},{"actions":[{"action":"Dash","param":{"Speed":"75"}},{"action":"Damage","cond":"10703&10704","param":{"ExpDamage":"(damage*(56+30)/30+nParam1)/12","HitAnim":"blunt","PushPower":"400","RisePower":"400"}},{"action":"Idle","param":{"Time":"17"}}],"repeat":48},{"actions":[{"action":"Client_PlayAnim","param":{"Anim":"spinkick_3"}}]}]
  ],
  [
    "spin_kick_3",
    [{"actions":[{"action":"Client_PlayAnim","param":{"Anim":"spinkick_1"}}]},{"actions":[{"action":"Client_Effect","param":{"EffectName":"black"}}]},{"actions":[{"action":"PauseGame","param":{"PauseTime":"733"}}]},{"actions":[{"action":"Idle","param":{"Time":"733"}}]},{"actions":[{"action":"Client_PlayAnim","param":{"Anim":"spinkick_2_3","IsLoop":"1"}}]},{"actions":[{"action":"Dash","param":{"Speed":"200"}}]},{"actions":[{"action":"Dash","param":{"Speed":"75"}},{"action":"Damage","cond":"10705&10706","param":{"ExpDamage":"(damage*(66+30)/30+nParam1)/15","HitAnim":"blunt","PushPower":"400","RisePower":"400"}},{"action":"Idle","param":{"Time":"17"}}],"repeat":60},{"actions":[{"action":"Client_PlayAnim","param":{"Anim":"spinkick_3"}}]}]
  ],
  [
    "spin_kick_4",
    [{"actions":[{"action":"Client_PlayAnim","param":{"Anim":"spinkick_1"}}]},{"actions":[{"action":"Client_Effect","param":{"EffectName":"black"}}]},{"actions":[{"action":"PauseGame","param":{"PauseTime":"733"}}]},{"actions":[{"action":"Idle","param":{"Time":"733"}}]},{"actions":[{"action":"Client_PlayAnim","param":{"Anim":"spinkick_2_4","IsLoop":"1"}}]},{"actions":[{"action":"Dash","param":{"Speed":"200"}}]},{"actions":[{"action":"Dash","param":{"Speed":"75"}},{"action":"Damage","cond":"10707&10708","param":{"ExpDamage":"(damage*(66+30)/30+nParam1)/15","HitAnim":"blunt","PushPower":"400","RisePower":"400"}},{"action":"Idle","param":{"Time":"17"}}],"repeat":60},{"actions":[{"action":"Client_PlayAnim","param":{"Anim":"spinkick_3"}}]}]
  ],
  [
    "swing_combo_1",
    [{"actions":[{"action":"Client_PlayAnim","param":{"Anim":"swing_combo_1"}}]},{"actions":[{"action":"Idle","param":{"Time":"333"}}]},{"actions":[{"action":"Client_Sound","param":{"Sfx":"wave_weapon_1|wave_weapon_2"}}]},{"actions":[{"action":"Damage","cond":"10201","param":{"ExpDamage":"(damage*(16+30)/30+nParam1)*8/10","HitAnim":"chop","PushPower":"400","RisePower":"800"}}]}]
  ],
  [
    "swing_combo_2",
    [{"actions":[{"action":"Client_PlayAnim","param":{"Anim":"swing_combo_2"}}]},{"actions":[{"action":"Idle","param":{"Time":"366"}}]},{"actions":[{"action":"Client_Sound","param":{"Sfx":"wave_weapon_1|wave_weapon_2"}}]},{"actions":[{"action":"Damage","cond":"10201","param":{"ExpDamage":"(damage*(30+30)/30+nParam1)*5/10","HitAnim":"chop","PushPower":"0","RisePower":"800"}}]},{"actions":[{"action":"Idle","param":{"Time":"500"}}]},{"actions":[{"action":"Client_Sound","param":{"Sfx":"wave_weapon_1|wave_weapon_2"}}]},{"actions":[{"action":"Damage","cond":"10202","param":{"ExpDamage":"(damage*(30+30)/30+nParam1)*7/10","HitAnim":"chop","PushPower":"300","RisePower":"800"}}]}]
  ],
  [
    "swing_jump",
    [{"actions":[{"action":"Dash","param":{"Speed":"500"}}]},{"actions":[{"action":"Client_PlayAnim","param":{"Anim":"swing_jump"}}]},{"actions":[{"action":"Idle","param":{"Time":"233"}}]},{"actions":[{"action":"Client_Sound","param":{"Sfx":"wave_weapon_1|wave_weapon_2"}}]},{"actions":[{"action":"Damage","cond":"10201","param":{"ExpDamage":"(damage*(10+30)/30+nParam1)*10/10","HitAnim":"chop","PushPower":"600","RisePower":"500"}},{"action":"Break","cond":"10201","param":{}},{"action":"Idle","param":{"Time":"34"}}],"repeat":5}]
  ],
  [
    "throw",
    [{"actions":[{"action":"Client_PlayAnim","param":{"Anim":"throw"}}]},{"actions":[{"action":"Idle","param":{"Time":"133"}}]},{"actions":[{"action":"Launch","cond":"10401","param":{"Damage":"damage*100/100","GPercent":"100","MissileName":"throw_missile_1","SpeedX":"1000","SpeedY":"700","VecSrcDelta":"23,42"}}]},{"actions":[{"action":"Launch","cond":"10402","param":{"Damage":"damage*120/100","GPercent":"100","MissileName":"throw_missile_2","SpeedX":"1000","SpeedY":"700","VecSrcDelta":"23,42"}}]},{"actions":[{"action":"Launch","cond":"10403","param":{"Damage":"damage*140/100","GPercent":"100","MissileName":"throw_missile_3","SpeedX":"1000","SpeedY":"700","VecSrcDelta":"23,42"}}]},{"actions":[{"action":"Launch","cond":"10404","param":{"Damage":"damage*160/100","GPercent":"100","MissileName":"throw_missile_4","SpeedX":"1000","SpeedY":"700","VecSrcDelta":"23,42"}}]},{"actions":[{"action":"Launch","cond":"10405","param":{"Damage":"damage*180/100","GPercent":"100","MissileName":"throw_missile_5","SpeedX":"1000","SpeedY":"700","VecSrcDelta":"23,42"}}]}]
  ]
]
}
