{
"key": [0,1],
"cols": ["day","type","wealth","property"],
"vals": [
  [
    1,
    1,
    {"gem":10},
    {}
  ],
  [
    1,
    2,
    {"gem":10},
    {}
  ],
  [
    2,
    1,
    {"gold":10000},
    {}
  ],
  [
    2,
    2,
    {"gem":12},
    {}
  ],
  [
    3,
    1,
    {"gem":15},
    {}
  ],
  [
    3,
    2,
    {"gem":15},
    {}
  ],
  [
    4,
    1,
    {"gold":20000},
    {}
  ],
  [
    4,
    2,
    {"gem":18},
    {}
  ],
  [
    5,
    1,
    {"gem":20},
    {}
  ],
  [
    5,
    2,
    {"gem":20},
    {}
  ],
  [
    6,
    1,
    {"gold":40000},
    {}
  ],
  [
    6,
    2,
    {"gem":22},
    {}
  ],
  [
    7,
    1,
    {},
    {"11":2000}
  ],
  [
    7,
    2,
    {"gem":25},
    {}
  ]
],
"id_list" : [1,
1,
2,
2,
3,
3,
4,
4,
5,
5,
6,
6,
7,
7]
}
