{
"key": [0],
"cols": ["id","condition"],
"vals": [
  [
    "10001",
    {"params":{"Bound":"-80,0,80,200"},"type":"collide"}
  ],
  [
    "10101",
    {"params":{"Bound":"-52,40,170,150"},"type":"collide"}
  ],
  [
    "10102",
    {"params":{"Bound":"-52,40,180,150"},"type":"collide"}
  ],
  [
    "10201",
    {"params":{"Bound":"-52,0,200,150"},"type":"collide"}
  ],
  [
    "10202",
    {"params":{"Bound":"0,40,200,72"},"type":"collide"}
  ],
  [
    "10301",
    {"params":{"Bound":"-52,40,170,104"},"type":"collide"}
  ],
  [
    "10302",
    {"params":{"Bound":"-52,40,190,104"},"type":"collide"}
  ],
  [
    "10401",
    {"params":{"ExpA":"nParam1","ExpB":"1","OP":"=="},"type":"compare"}
  ],
  [
    "10402",
    {"params":{"ExpA":"nParam1","ExpB":"2","OP":"=="},"type":"compare"}
  ],
  [
    "10403",
    {"params":{"ExpA":"nParam1","ExpB":"3","OP":"=="},"type":"compare"}
  ],
  [
    "10404",
    {"params":{"ExpA":"nParam1","ExpB":"4","OP":"=="},"type":"compare"}
  ],
  [
    "10405",
    {"params":{"ExpA":"nParam1","ExpB":"5","OP":"=="},"type":"compare"}
  ],
  [
    "10501",
    {"params":{"Bound":"-23,17,920,84"},"type":"collide"}
  ],
  [
    "10502",
    {"params":{"ExpA":"rpc","ExpB":"6","OP":"=="},"type":"compare"}
  ],
  [
    "10503",
    {"params":{"ExpA":"rpc","ExpB":"6","OP":"!="},"type":"compare"}
  ],
  [
    "10504",
    {"params":{"Bound":"-23,0,920,104"},"type":"collide"}
  ],
  [
    "10505",
    {"params":{"ExpA":"rpc","ExpB":"10","OP":"=="},"type":"compare"}
  ],
  [
    "10506",
    {"params":{"ExpA":"rpc","ExpB":"10","OP":"!="},"type":"compare"}
  ],
  [
    "10507",
    {"params":{"Bound":"-23,0,920,120"},"type":"collide"}
  ],
  [
    "10508",
    {"params":{"ExpA":"rpc","ExpB":"14","OP":"=="},"type":"compare"}
  ],
  [
    "10509",
    {"params":{"ExpA":"rpc","ExpB":"14","OP":"!="},"type":"compare"}
  ],
  [
    "10510",
    {"params":{"Bound":"-23,0,920,140"},"type":"collide"}
  ],
  [
    "10511",
    {"params":{"ExpA":"rpc","ExpB":"14","OP":"=="},"type":"compare"}
  ],
  [
    "10512",
    {"params":{"ExpA":"rpc","ExpB":"14","OP":"!="},"type":"compare"}
  ],
  [
    "10601",
    {"params":{"Bound":"-20,32,98,72"},"type":"collide"}
  ],
  [
    "10602",
    {"params":{"Bound":"-39,32,104,72"},"type":"collide"}
  ],
  [
    "10603",
    {"params":{"Bound":"-75,32,120,72"},"type":"collide"}
  ],
  [
    "10604",
    {"params":{"Bound":"-110,32,130,72"},"type":"collide"}
  ],
  [
    "10701",
    {"params":{"ExpA":"rpc%4","ExpB":"0","OP":"=="},"type":"compare"}
  ],
  [
    "10702",
    {"params":{"Bound":"-115,11,115,135"},"type":"collide"}
  ],
  [
    "10703",
    {"params":{"ExpA":"rpc%4","ExpB":"0","OP":"=="},"type":"compare"}
  ],
  [
    "10704",
    {"params":{"Bound":"-115,11,115,150"},"type":"collide"}
  ],
  [
    "10705",
    {"params":{"ExpA":"rpc%4","ExpB":"0","OP":"=="},"type":"compare"}
  ],
  [
    "10706",
    {"params":{"Bound":"-115,11,115,165"},"type":"collide"}
  ],
  [
    "10707",
    {"params":{"ExpA":"rpc%4","ExpB":"0","OP":"=="},"type":"compare"}
  ],
  [
    "10708",
    {"params":{"Bound":"-115,11,115,180"},"type":"collide"}
  ],
  [
    "10901",
    {"params":{"Bound":"0,11,115,98"},"type":"collide"}
  ],
  [
    "11101",
    {"params":{"Bound":"0,-34,736,42","HitLayTarget":"1"},"type":"collide"}
  ],
  [
    "11102",
    {"params":{"Bound":"-240,0,240,260"},"type":"collide"}
  ],
  [
    "11103",
    {"params":{"Bound":"-20,-10,40,10"},"type":"collide"}
  ],
  [
    "11201",
    {"params":{"Bound":"-52,0,52,72"},"type":"collide"}
  ],
  [
    "11401",
    {"params":{"HitLayTarget":"1"},"type":"collide"}
  ],
  [
    "11501",
    {"params":{"Bound":"-115,-23,115,112"},"type":"collide"}
  ],
  [
    "11503",
    {"params":{"Bound":"-126,-23,126,112"},"type":"collide"}
  ],
  [
    "11505",
    {"params":{"Bound":"-138,-23,138,112"},"type":"collide"}
  ],
  [
    "20001",
    {"params":{"Bound":"0,0,100,120"},"type":"collide"}
  ],
  [
    "20002",
    {"params":{"Bound":"0,0,100,120"},"type":"collide"}
  ]
]
}
