{
"key": [0],
"cols": ["id","eventId","area","nameId","costVigor","reward","plotRate","skillDrop1","skillDrop2","stageLvl","tips","shareReward2","boss","coordinate","bossWealth","bossSkill","freeCount"],
"vals": [
  [
    1,
    100000,
    1,
    4504,
    5,
    [{"2":510}],
    10000,
    1,
    9,
    1,
    [30006],
    [[["gem",5],4500],[["gem",6],2500],[["gem",7],2000],[["gem",8],1000]],
    0,
    [-97,-56],
    {},
    0,
    0
  ],
  [
    2,
    100001,
    1,
    4505,
    5,
    [{"2":518}],
    10000,
    1,
    11,
    3,
    [30008],
    [[["gem",5],4500],[["gem",6],2500],[["gem",7],2000],[["gem",8],1000]],
    0,
    [94,144],
    {},
    0,
    0
  ],
  [
    3,
    100002,
    1,
    4506,
    5,
    [{"2":529}],
    10000,
    3,
    12,
    2,
    [30004],
    [[["gem",5],4500],[["gem",6],2500],[["gem",7],2000],[["gem",8],1000]],
    0,
    [81,-255],
    {},
    0,
    0
  ],
  [
    4,
    100003,
    1,
    4507,
    5,
    [{"2":544}],
    10000,
    5,
    14,
    5,
    [30009],
    [[["gem",5],4500],[["gem",6],2500],[["gem",7],2000],[["gem",8],1000]],
    0,
    [-93,-115],
    {},
    0,
    0
  ],
  [
    5,
    100004,
    1,
    4508,
    6,
    [{"2":563}],
    10000,
    6,
    10,
    4,
    [30010],
    [[["gem",5],4500],[["gem",6],2500],[["gem",7],2000],[["gem",8],1000]],
    0,
    [157,47],
    {},
    0,
    0
  ],
  [
    6,
    100005,
    1,
    4509,
    6,
    [{"2":585}],
    10000,
    7,
    8,
    7,
    [30000],
    [[["gem",5],4500],[["gem",6],2500],[["gem",7],2000],[["gem",8],1000]],
    1,
    [-103,92],
    {"gem":5,"gold":2350},
    4,
    3
  ],
  [
    7,
    100006,
    1,
    4510,
    6,
    [{"2":612}],
    10000,
    1,
    11,
    6,
    [30007],
    [[["gem",5],4500],[["gem",6],2500],[["gem",7],2000],[["gem",8],1000]],
    0,
    [64,-216],
    {},
    0,
    0
  ],
  [
    8,
    100007,
    1,
    4511,
    6,
    [{"2":642}],
    10000,
    2,
    12,
    9,
    [30005],
    [[["gem",5],4500],[["gem",6],2500],[["gem",7],2000],[["gem",8],1000]],
    0,
    [-118,-36],
    {},
    0,
    0
  ],
  [
    9,
    100008,
    1,
    4512,
    8,
    [{"2":675}],
    10000,
    3,
    14,
    8,
    [30001],
    [[["gem",5],4500],[["gem",6],2500],[["gem",7],2000],[["gem",8],1000]],
    1,
    [35,122],
    {"gem":15,"gold":2700},
    4,
    2
  ],
  [
    10,
    100009,
    2,
    4513,
    8,
    [{"2":713}],
    7000,
    5,
    10,
    11,
    [30001,30002,30003,30004,30005,30006,30007,30008,30009,30010,30011],
    [[["gem",5],4500],[["gem",6],2500],[["gem",7],2000],[["gem",8],1000]],
    0,
    [-124,-330],
    {},
    0,
    0
  ],
  [
    11,
    100010,
    2,
    4514,
    10,
    [{"2":754}],
    6500,
    6,
    8,
    9,
    [30001,30002,30003,30004,30005,30006,30007,30008,30009,30010,30011],
    [[["gem",5],4500],[["gem",6],2500],[["gem",7],2000],[["gem",8],1000]],
    0,
    [97,-206],
    {},
    0,
    0
  ],
  [
    12,
    100011,
    2,
    4515,
    10,
    [{"2":799}],
    6000,
    7,
    2,
    10,
    [30011],
    [[["gem",5],4500],[["gem",6],2500],[["gem",7],2000],[["gem",8],1000]],
    0,
    [26,58],
    {},
    0,
    0
  ],
  [
    13,
    100012,
    2,
    4516,
    10,
    [{"2":848}],
    5500,
    8,
    12,
    14,
    [30002],
    [[["gem",5],4500],[["gem",6],2500],[["gem",7],2000],[["gem",8],1000]],
    1,
    [-122,233],
    {"gem":15,"gold":3392},
    4,
    2
  ],
  [
    14,
    100013,
    2,
    4517,
    10,
    [{"2":900}],
    5000,
    2,
    14,
    12,
    [30001,30002,30003,30004,30005,30006,30007,30008,30009,30010,30011],
    [[["gem",5],4500],[["gem",6],2500],[["gem",7],2000],[["gem",8],1000]],
    0,
    [3,-334],
    {},
    0,
    0
  ],
  [
    15,
    100014,
    2,
    4518,
    10,
    [{"2":957}],
    4800,
    3,
    10,
    13,
    [30001,30002,30003,30004,30005,30006,30007,30008,30009,30010,30011],
    [[["gem",5],4500],[["gem",6],2500],[["gem",7],2000],[["gem",8],1000]],
    0,
    [143,-126],
    {},
    0,
    0
  ],
  [
    16,
    100015,
    2,
    4519,
    10,
    [{"2":1017}],
    4600,
    5,
    9,
    17,
    [30001,30002,30003,30004,30005,30006,30007,30008,30009,30010,30011],
    [[["gem",5],4500],[["gem",6],2500],[["gem",7],2000],[["gem",8],1000]],
    1,
    [-95,45],
    {"gem":15,"gold":4068},
    4,
    1
  ],
  [
    17,
    100016,
    2,
    4520,
    10,
    [{"2":1080}],
    4400,
    6,
    11,
    15,
    [30003],
    [[["gem",5],4500],[["gem",6],2500],[["gem",7],2000],[["gem",8],1000]],
    0,
    [145,159],
    {},
    0,
    0
  ],
  [
    18,
    100017,
    2,
    4521,
    10,
    [{"2":1148}],
    4200,
    7,
    3,
    16,
    [30001,30002,30003,30004,30005,30006,30007,30008,30009,30010,30011],
    [[["gem",5],4500],[["gem",6],2500],[["gem",7],2000],[["gem",8],1000]],
    0,
    [56,-399],
    {},
    0,
    0
  ],
  [
    19,
    100018,
    2,
    4522,
    10,
    [{"2":1219}],
    4000,
    1,
    14,
    20,
    [30001,30002,30003,30004,30005,30006,30007,30008,30009,30010,30011],
    [[["gem",5],4500],[["gem",6],2500],[["gem",7],2000],[["gem",8],1000]],
    0,
    [-92,-193],
    {},
    0,
    0
  ],
  [
    20,
    100019,
    2,
    4523,
    10,
    [{"2":1294}],
    3800,
    8,
    10,
    18,
    [30001,30002,30003,30004,30005,30006,30007,30008,30009,30010,30011],
    [[["gem",5],4500],[["gem",6],2500],[["gem",7],2000],[["gem",8],1000]],
    0,
    [127,-91],
    {},
    0,
    0
  ],
  [
    21,
    100020,
    2,
    4524,
    10,
    [{"2":1373}],
    3600,
    3,
    9,
    19,
    [30001,30002,30003,30004,30005,30006,30007,30008,30009,30010,30011],
    [[["gem",5],4500],[["gem",6],2500],[["gem",7],2000],[["gem",8],1000]],
    1,
    [-53,140],
    {"gem":20,"gold":5492},
    4,
    1
  ],
  [
    22,
    100021,
    3,
    4525,
    10,
    [{"2":1455}],
    3400,
    5,
    11,
    21,
    [30001,30002,30003,30004,30005,30006,30007,30008,30009,30010,30011],
    [[["gem",5],4500],[["gem",6],2500],[["gem",7],2000],[["gem",8],1000]],
    0,
    [80,-334],
    {},
    0,
    0
  ],
  [
    23,
    100022,
    3,
    4526,
    10,
    [{"2":1542}],
    3200,
    6,
    12,
    19,
    [30001,30002,30003,30004,30005,30006,30007,30008,30009,30010,30011],
    [[["gem",5],4500],[["gem",6],2500],[["gem",7],2000],[["gem",8],1000]],
    0,
    [-95,-97],
    {},
    0,
    0
  ],
  [
    24,
    100023,
    3,
    4527,
    10,
    [{"2":1632}],
    3000,
    7,
    5,
    20,
    [30001,30002,30003,30004,30005,30006,30007,30008,30009,30010,30011],
    [[["gem",5],4500],[["gem",6],2500],[["gem",7],2000],[["gem",8],1000]],
    0,
    [121,13],
    {},
    0,
    0
  ],
  [
    25,
    100024,
    3,
    4528,
    10,
    [{"2":1725}],
    2800,
    1,
    10,
    24,
    [30001,30002,30003,30004,30005,30006,30007,30008,30009,30010,30011],
    [[["gem",5],4500],[["gem",6],2500],[["gem",7],2000],[["gem",8],1000]],
    1,
    [-79,203],
    {"gem":30,"gold":6900},
    4,
    1
  ],
  [
    26,
    100025,
    3,
    4529,
    10,
    [{"2":1823}],
    2600,
    2,
    9,
    22,
    [30001,30002,30003,30004,30005,30006,30007,30008,30009,30010,30011],
    [[["gem",5],4500],[["gem",6],2500],[["gem",7],2000],[["gem",8],1000]],
    0,
    [113,-334],
    {},
    0,
    0
  ],
  [
    27,
    100026,
    3,
    4530,
    10,
    [{"2":1924}],
    2400,
    3,
    11,
    23,
    [30001,30002,30003,30004,30005,30006,30007,30008,30009,30010,30011],
    [[["gem",5],4500],[["gem",6],2500],[["gem",7],2000],[["gem",8],1000]],
    0,
    [-58,-165],
    {},
    0,
    0
  ],
  [
    28,
    100027,
    3,
    4531,
    10,
    [{"2":2029}],
    2200,
    5,
    12,
    27,
    [30001,30002,30003,30004,30005,30006,30007,30008,30009,30010,30011],
    [[["gem",5],4500],[["gem",6],2500],[["gem",7],2000],[["gem",8],1000]],
    0,
    [144,-11],
    {},
    0,
    0
  ],
  [
    29,
    100028,
    3,
    4532,
    10,
    [{"2":2138}],
    2000,
    6,
    14,
    25,
    [30001,30002,30003,30004,30005,30006,30007,30008,30009,30010,30011],
    [[["gem",5],4500],[["gem",6],2500],[["gem",7],2000],[["gem",8],1000]],
    1,
    [-11,142],
    {"gem":30,"gold":8552},
    4,
    1
  ],
  [
    30,
    100029,
    3,
    4533,
    10,
    [{"2":2250}],
    2000,
    7,
    6,
    26,
    [30001,30002,30003,30004,30005,30006,30007,30008,30009,30010,30011],
    [[["gem",5],4500],[["gem",6],2500],[["gem",7],2000],[["gem",8],1000]],
    0,
    [-135,-390],
    {},
    0,
    0
  ],
  [
    31,
    100030,
    3,
    4534,
    10,
    [{"2":2367}],
    2000,
    1,
    11,
    30,
    [30001,30002,30003,30004,30005,30006,30007,30008,30009,30010,30011],
    [[["gem",5],4500],[["gem",6],2500],[["gem",7],2000],[["gem",8],1000]],
    0,
    [155,-331],
    {},
    0,
    0
  ],
  [
    32,
    100031,
    3,
    4535,
    10,
    [{"2":2487}],
    2000,
    2,
    12,
    28,
    [30001,30002,30003,30004,30005,30006,30007,30008,30009,30010,30011],
    [[["gem",5],4500],[["gem",6],2500],[["gem",7],2000],[["gem",8],1000]],
    0,
    [4,-62],
    {},
    0,
    0
  ],
  [
    33,
    100032,
    3,
    4536,
    10,
    [{"2":2610}],
    2000,
    8,
    14,
    29,
    [30001,30002,30003,30004,30005,30006,30007,30008,30009,30010,30011],
    [[["gem",5],4500],[["gem",6],2500],[["gem",7],2000],[["gem",8],1000]],
    1,
    [-76,165],
    {"gem":40,"gold":10440},
    4,
    1
  ],
  [
    34,
    100033,
    4,
    4537,
    10,
    [{"2":2738}],
    2000,
    5,
    10,
    31,
    [30001,30002,30003,30004,30005,30006,30007,30008,30009,30010,30011],
    [[["gem",5],4500],[["gem",6],2500],[["gem",7],2000],[["gem",8],1000]],
    0,
    [108,-259],
    {},
    0,
    0
  ],
  [
    35,
    100034,
    4,
    4538,
    10,
    [{"2":2869}],
    2000,
    6,
    8,
    29,
    [30001,30002,30003,30004,30005,30006,30007,30008,30009,30010,30011],
    [[["gem",5],4500],[["gem",6],2500],[["gem",7],2000],[["gem",8],1000]],
    0,
    [-110,-160],
    {},
    0,
    0
  ],
  [
    36,
    100035,
    4,
    4539,
    10,
    [{"2":3004}],
    2000,
    7,
    9,
    30,
    [30001,30002,30003,30004,30005,30006,30007,30008,30009,30010,30011],
    [[["gem",5],4500],[["gem",6],2500],[["gem",7],2000],[["gem",8],1000]],
    0,
    [-48,129],
    {},
    0,
    0
  ],
  [
    37,
    100036,
    4,
    4540,
    10,
    [{"2":3143}],
    2000,
    1,
    12,
    34,
    [30001,30002,30003,30004,30005,30006,30007,30008,30009,30010,30011],
    [[["gem",5],4500],[["gem",6],2500],[["gem",7],2000],[["gem",8],1000]],
    1,
    [49,-401],
    {"gem":50,"gold":12572},
    4,
    1
  ],
  [
    38,
    100037,
    4,
    4541,
    10,
    [{"2":3285}],
    2000,
    2,
    14,
    32,
    [30001,30002,30003,30004,30005,30006,30007,30008,30009,30010,30011],
    [[["gem",5],4500],[["gem",6],2500],[["gem",7],2000],[["gem",8],1000]],
    0,
    [-115,-205],
    {},
    0,
    0
  ],
  [
    39,
    100038,
    4,
    4542,
    10,
    [{"2":3432}],
    2000,
    3,
    10,
    33,
    [30001,30002,30003,30004,30005,30006,30007,30008,30009,30010,30011],
    [[["gem",5],4500],[["gem",6],2500],[["gem",7],2000],[["gem",8],1000]],
    0,
    [130,-107],
    {},
    0,
    0
  ],
  [
    40,
    100039,
    4,
    4543,
    11,
    [{"2":3582}],
    2000,
    5,
    9,
    37,
    [30001,30002,30003,30004,30005,30006,30007,30008,30009,30010,30011],
    [[["gem",5],4500],[["gem",6],2500],[["gem",7],2000],[["gem",8],1000]],
    0,
    [94,118],
    {},
    0,
    0
  ],
  [
    41,
    100040,
    4,
    4544,
    11,
    [{"2":3735}],
    2000,
    6,
    2,
    35,
    [30001,30002,30003,30004,30005,30006,30007,30008,30009,30010,30011],
    [[["gem",5],4500],[["gem",6],2500],[["gem",7],2000],[["gem",8],1000]],
    1,
    [-111,198],
    {"gem":50,"gold":14940},
    4,
    1
  ],
  [
    42,
    100041,
    4,
    4545,
    11,
    [{"2":3893}],
    2000,
    7,
    11,
    36,
    [30001,30002,30003,30004,30005,30006,30007,30008,30009,30010,30011],
    [[["gem",5],4500],[["gem",6],2500],[["gem",7],2000],[["gem",8],1000]],
    0,
    [107,-354],
    {},
    0,
    0
  ],
  [
    43,
    100042,
    4,
    4546,
    11,
    [{"2":4054}],
    2000,
    1,
    8,
    40,
    [30001,30002,30003,30004,30005,30006,30007,30008,30009,30010,30011],
    [[["gem",5],4500],[["gem",6],2500],[["gem",7],2000],[["gem",8],1000]],
    0,
    [-80,-235],
    {},
    0,
    0
  ],
  [
    44,
    100043,
    4,
    4547,
    11,
    [{"2":4219}],
    2000,
    2,
    10,
    38,
    [30001,30002,30003,30004,30005,30006,30007,30008,30009,30010,30011],
    [[["gem",5],4500],[["gem",6],2500],[["gem",7],2000],[["gem",8],1000]],
    0,
    [114,-18],
    {},
    0,
    0
  ],
  [
    45,
    100044,
    4,
    4548,
    11,
    [{"2":4388}],
    2000,
    3,
    9,
    39,
    [30001,30002,30003,30004,30005,30006,30007,30008,30009,30010,30011],
    [[["gem",5],4500],[["gem",6],2500],[["gem",7],2000],[["gem",8],1000]],
    1,
    [-102,120],
    {"gem":50,"gold":17552},
    4,
    1
  ],
  [
    46,
    100045,
    5,
    4549,
    11,
    [{"2":4560}],
    2000,
    5,
    11,
    41,
    [30001,30002,30003,30004,30005,30006,30007,30008,30009,30010,30011],
    [[["gem",5],4500],[["gem",6],2500],[["gem",7],2000],[["gem",8],1000]],
    0,
    [134,-222],
    {},
    0,
    0
  ],
  [
    47,
    100046,
    5,
    4550,
    11,
    [{"2":4737}],
    2000,
    6,
    3,
    39,
    [30001,30002,30003,30004,30005,30006,30007,30008,30009,30010,30011],
    [[["gem",5],4500],[["gem",6],2500],[["gem",7],2000],[["gem",8],1000]],
    0,
    [-85,-130],
    {},
    0,
    0
  ],
  [
    48,
    100047,
    5,
    4551,
    12,
    [{"2":4917}],
    2000,
    7,
    12,
    40,
    [30001,30002,30003,30004,30005,30006,30007,30008,30009,30010,30011],
    [[["gem",5],4500],[["gem",6],2500],[["gem",7],2000],[["gem",8],1000]],
    0,
    [-40,112],
    {},
    0,
    0
  ],
  [
    49,
    100048,
    5,
    4552,
    12,
    [{"2":5100}],
    2000,
    1,
    10,
    44,
    [30001,30002,30003,30004,30005,30006,30007,30008,30009,30010,30011],
    [[["gem",5],4500],[["gem",6],2500],[["gem",7],2000],[["gem",8],1000]],
    1,
    [147,189],
    {"gem":60,"gold":20400},
    4,
    1
  ],
  [
    50,
    100049,
    5,
    4553,
    12,
    [{"2":5288}],
    2000,
    2,
    9,
    42,
    [30001,30002,30003,30004,30005,30006,30007,30008,30009,30010,30011],
    [[["gem",5],4500],[["gem",6],2500],[["gem",7],2000],[["gem",8],1000]],
    0,
    [-93,-209],
    {},
    0,
    0
  ],
  [
    51,
    100050,
    5,
    4554,
    12,
    [{"2":5479}],
    2000,
    3,
    11,
    43,
    [30001,30002,30003,30004,30005,30006,30007,30008,30009,30010,30011],
    [[["gem",5],4500],[["gem",6],2500],[["gem",7],2000],[["gem",8],1000]],
    0,
    [159,-109],
    {},
    0,
    0
  ],
  [
    52,
    100051,
    5,
    4555,
    12,
    [{"2":5674}],
    2000,
    5,
    12,
    47,
    [30001,30002,30003,30004,30005,30006,30007,30008,30009,30010,30011],
    [[["gem",5],4500],[["gem",6],2500],[["gem",7],2000],[["gem",8],1000]],
    0,
    [71,109],
    {},
    0,
    0
  ],
  [
    53,
    100052,
    5,
    4556,
    12,
    [{"2":5873}],
    2000,
    6,
    5,
    45,
    [30001,30002,30003,30004,30005,30006,30007,30008,30009,30010,30011],
    [[["gem",5],4500],[["gem",6],2500],[["gem",7],2000],[["gem",8],1000]],
    0,
    [-114,203],
    {},
    0,
    0
  ],
  [
    54,
    100053,
    5,
    4557,
    12,
    [{"2":6075}],
    2000,
    7,
    14,
    46,
    [30001,30002,30003,30004,30005,30006,30007,30008,30009,30010,30011],
    [[["gem",5],4500],[["gem",6],2500],[["gem",7],2000],[["gem",8],1000]],
    1,
    [155,-307],
    {"gem":70,"gold":24300},
    4,
    1
  ],
  [
    55,
    100054,
    5,
    4558,
    12,
    [{"2":6282}],
    2000,
    1,
    9,
    50,
    [30001,30002,30003,30004,30005,30006,30007,30008,30009,30010,30011],
    [[["gem",5],4500],[["gem",6],2500],[["gem",7],2000],[["gem",8],1000]],
    0,
    [-54,-154],
    {},
    0,
    0
  ],
  [
    56,
    100055,
    5,
    4559,
    12,
    [{"2":6492}],
    2000,
    2,
    11,
    48,
    [30001,30002,30003,30004,30005,30006,30007,30008,30009,30010,30011],
    [[["gem",5],4500],[["gem",6],2500],[["gem",7],2000],[["gem",8],1000]],
    0,
    [153,85],
    {},
    0,
    0
  ],
  [
    57,
    100056,
    5,
    4560,
    12,
    [{"2":6705}],
    2000,
    3,
    12,
    49,
    [30001,30002,30003,30004,30005,30006,30007,30008,30009,30010,30011],
    [[["gem",5],4500],[["gem",6],2500],[["gem",7],2000],[["gem",8],1000]],
    1,
    [-56,170],
    {"gem":70,"gold":26820},
    4,
    1
  ],
  [
    58,
    100057,
    6,
    4561,
    12,
    [{"2":6923}],
    2000,
    5,
    14,
    51,
    [30001,30002,30003,30004,30005,30006,30007,30008,30009,30010,30011],
    [[["gem",5],4500],[["gem",6],2500],[["gem",7],2000],[["gem",8],1000]],
    0,
    [-74,-248],
    {},
    0,
    0
  ],
  [
    59,
    100058,
    6,
    4562,
    12,
    [{"2":7144}],
    2000,
    6,
    7,
    49,
    [30001,30002,30003,30004,30005,30006,30007,30008,30009,30010,30011],
    [[["gem",5],4500],[["gem",6],2500],[["gem",7],2000],[["gem",8],1000]],
    0,
    [129,-119],
    {},
    0,
    0
  ],
  [
    60,
    100059,
    6,
    4563,
    12,
    [{"2":7369}],
    2000,
    7,
    10,
    50,
    [30001,30002,30003,30004,30005,30006,30007,30008,30009,30010,30011],
    [[["gem",5],4500],[["gem",6],2500],[["gem",7],2000],[["gem",8],1000]],
    0,
    [165,95],
    {},
    0,
    0
  ],
  [
    61,
    100060,
    6,
    4564,
    12,
    [{"2":7369}],
    2000,
    1,
    9,
    54,
    [30001,30002,30003,30004,30005,30006,30007,30008,30009,30010,30011],
    [[["gem",5],4500],[["gem",6],2500],[["gem",7],2000],[["gem",8],1000]],
    1,
    [-85,187],
    {"gem":60,"gold":29476},
    4,
    1
  ],
  [
    62,
    100061,
    6,
    4565,
    12,
    [{"2":7369}],
    2000,
    2,
    11,
    52,
    [30001,30002,30003,30004,30005,30006,30007,30008,30009,30010,30011],
    [[["gem",5],4500],[["gem",6],2500],[["gem",7],2000],[["gem",8],1000]],
    0,
    [153,-348],
    {},
    0,
    0
  ],
  [
    63,
    100062,
    6,
    4566,
    12,
    [{"2":7369}],
    2000,
    3,
    12,
    53,
    [30001,30002,30003,30004,30005,30006,30007,30008,30009,30010,30011],
    [[["gem",5],4500],[["gem",6],2500],[["gem",7],2000],[["gem",8],1000]],
    0,
    [-63,-168],
    {},
    0,
    0
  ],
  [
    64,
    100063,
    6,
    4567,
    12,
    [{"2":7369}],
    2000,
    8,
    14,
    57,
    [30001,30002,30003,30004,30005,30006,30007,30008,30009,30010,30011],
    [[["gem",5],4500],[["gem",6],2500],[["gem",7],2000],[["gem",8],1000]],
    0,
    [-54,81],
    {},
    0,
    0
  ],
  [
    65,
    100064,
    6,
    4568,
    12,
    [{"2":7369}],
    2000,
    6,
    12,
    55,
    [30001,30002,30003,30004,30005,30006,30007,30008,30009,30010,30011],
    [[["gem",5],4500],[["gem",6],2500],[["gem",7],2000],[["gem",8],1000]],
    1,
    [169,187],
    {"gem":70,"gold":29476},
    4,
    1
  ],
  [
    66,
    100065,
    6,
    4569,
    12,
    [{"2":7369}],
    2000,
    7,
    11,
    56,
    [30001,30002,30003,30004,30005,30006,30007,30008,30009,30010,30011],
    [[["gem",5],4500],[["gem",6],2500],[["gem",7],2000],[["gem",8],1000]],
    0,
    [-141,-351],
    {},
    0,
    0
  ],
  [
    67,
    100066,
    6,
    4570,
    12,
    [{"2":7369}],
    2000,
    1,
    9,
    58,
    [30001,30002,30003,30004,30005,30006,30007,30008,30009,30010,30011],
    [[["gem",5],4500],[["gem",6],2500],[["gem",7],2000],[["gem",8],1000]],
    0,
    [-32,-138],
    {},
    0,
    0
  ],
  [
    68,
    100067,
    6,
    4571,
    12,
    [{"2":7369}],
    2000,
    2,
    14,
    59,
    [30001,30002,30003,30004,30005,30006,30007,30008,30009,30010,30011],
    [[["gem",5],4500],[["gem",6],2500],[["gem",7],2000],[["gem",8],1000]],
    0,
    [-97,161],
    {},
    0,
    0
  ],
  [
    69,
    100068,
    6,
    4572,
    12,
    [{"2":7369}],
    2000,
    3,
    9,
    60,
    [30001,30002,30003,30004,30005,30006,30007,30008,30009,30010,30011],
    [[["gem",5],4500],[["gem",6],2500],[["gem",7],2000],[["gem",8],1000]],
    1,
    [143,77],
    {"gem":70,"gold":29476},
    4,
    1
  ],
  [
    70,
    100069,
    7,
    4573,
    12,
    [{"2":7369}],
    2000,
    8,
    14,
    70,
    [30001,30002,30003,30004,30005,30006,30007,30008,30009,30010,30011],
    [[["gem",5],4500],[["gem",6],2500],[["gem",7],2000],[["gem",8],1000]],
    0,
    [141,-272],
    {},
    0,
    0
  ],
  [
    71,
    100070,
    7,
    4574,
    12,
    [{"2":7369}],
    2000,
    10,
    9,
    71,
    [30001,30002,30003,30004,30005,30006,30007,30008,30009,30010,30011],
    [[["gem",5],4500],[["gem",6],2500],[["gem",7],2000],[["gem",8],1000]],
    0,
    [-11,-124],
    {},
    0,
    0
  ],
  [
    72,
    100071,
    7,
    4575,
    12,
    [{"2":7369}],
    2000,
    12,
    7,
    72,
    [30001,30002,30003,30004,30005,30006,30007,30008,30009,30010,30011],
    [[["gem",5],4500],[["gem",6],2500],[["gem",7],2000],[["gem",8],1000]],
    0,
    [103,41],
    {},
    0,
    0
  ],
  [
    73,
    100072,
    7,
    4576,
    12,
    [{"2":7369}],
    2000,
    11,
    6,
    73,
    [30001,30002,30003,30004,30005,30006,30007,30008,30009,30010,30011],
    [[["gem",5],4500],[["gem",6],2500],[["gem",7],2000],[["gem",8],1000]],
    1,
    [-111,163],
    {"gem":60,"gold":29476},
    4,
    1
  ],
  [
    74,
    100073,
    7,
    4577,
    12,
    [{"2":7369}],
    2000,
    8,
    14,
    75,
    [30001,30002,30003,30004,30005,30006,30007,30008,30009,30010,30011],
    [[["gem",5],4500],[["gem",6],2500],[["gem",7],2000],[["gem",8],1000]],
    0,
    [-16,-253],
    {},
    0,
    0
  ],
  [
    75,
    100074,
    7,
    4578,
    12,
    [{"2":7369}],
    2000,
    10,
    9,
    72,
    [30001,30002,30003,30004,30005,30006,30007,30008,30009,30010,30011],
    [[["gem",5],4500],[["gem",6],2500],[["gem",7],2000],[["gem",8],1000]],
    0,
    [113,-77],
    {},
    0,
    0
  ],
  [
    76,
    100075,
    7,
    4579,
    12,
    [{"2":7369}],
    2000,
    12,
    7,
    73,
    [30001,30002,30003,30004,30005,30006,30007,30008,30009,30010,30011],
    [[["gem",5],4500],[["gem",6],2500],[["gem",7],2000],[["gem",8],1000]],
    0,
    [125,184],
    {},
    0,
    0
  ],
  [
    77,
    100076,
    7,
    4580,
    12,
    [{"2":7369}],
    2000,
    11,
    6,
    73,
    [30001,30002,30003,30004,30005,30006,30007,30008,30009,30010,30011],
    [[["gem",5],4500],[["gem",6],2500],[["gem",7],2000],[["gem",8],1000]],
    1,
    [-119,99],
    {"gem":70,"gold":29476},
    4,
    1
  ],
  [
    78,
    100077,
    7,
    4581,
    12,
    [{"2":7369}],
    2000,
    8,
    14,
    74,
    [30001,30002,30003,30004,30005,30006,30007,30008,30009,30010,30011],
    [[["gem",5],4500],[["gem",6],2500],[["gem",7],2000],[["gem",8],1000]],
    0,
    [-93,-282],
    {},
    0,
    0
  ],
  [
    79,
    100078,
    7,
    4582,
    12,
    [{"2":7369}],
    2000,
    10,
    9,
    75,
    [30001,30002,30003,30004,30005,30006,30007,30008,30009,30010,30011],
    [[["gem",5],4500],[["gem",6],2500],[["gem",7],2000],[["gem",8],1000]],
    0,
    [127,-79],
    {},
    0,
    0
  ],
  [
    80,
    100079,
    7,
    4583,
    12,
    [{"2":7369}],
    2000,
    12,
    7,
    77,
    [30001,30002,30003,30004,30005,30006,30007,30008,30009,30010,30011],
    [[["gem",5],4500],[["gem",6],2500],[["gem",7],2000],[["gem",8],1000]],
    0,
    [-104,60],
    {},
    0,
    0
  ],
  [
    81,
    100080,
    7,
    4584,
    12,
    [{"2":7369}],
    2000,
    11,
    6,
    80,
    [30001,30002,30003,30004,30005,30006,30007,30008,30009,30010,30011],
    [[["gem",5],4500],[["gem",6],2500],[["gem",7],2000],[["gem",8],1000]],
    1,
    [143,172],
    {"gem":70,"gold":29476},
    4,
    1
  ]
],
"boss2stage" : {"0": [1,2,3,4,5,7,8,10,11,12,14,15,17,18,19,20,22,23,24,26,27,28,30,31,32,34,35,36,38,39,40,42,43,44,46,47,48,50,51,52,53,55,56,58,59,60,62,63,64,66,67,68,70,71,72,74,75,76,78,79,80],
"1": [6,9,13,16,21,25,29,33,37,41,45,49,54,57,61,65,69,73,77,81]},
"max_area" : [7],
"drop2_to_id" : {"2": [12,41],
"3": [18,47],
"5": [24,53],
"6": [30,73,77,81],
"7": [59,72,76,80],
"8": [6,11,35,43],
"9": [1,16,21,26,36,40,45,50,55,61,67,69,71,75,79],
"10": [5,10,15,20,25,34,39,44,49,60],
"11": [2,7,17,22,27,31,42,46,51,56,62,66],
"12": [3,8,13,23,28,32,37,48,52,57,63,65],
"14": [4,9,14,19,29,33,38,54,58,64,68,70,74,78]},
"drop1_to_id" : {"1": [1,2,7,19,25,31,37,43,49,55,61,67],
"2": [8,14,26,32,38,44,50,56,62,68],
"3": [3,9,15,21,27,39,45,51,57,63,69],
"5": [4,10,16,22,28,34,40,46,52,58],
"6": [5,11,17,23,29,35,41,47,53,59,65],
"7": [6,12,18,24,30,36,42,48,54,60,66],
"8": [13,20,33,64,70,74,78],
"10": [71,75,79],
"11": [73,77,81],
"12": [72,76,80]},
"area2stage" : {"1": [1,2,3,4,5,6,7,8,9],
"2": [10,11,12,13,14,15,16,17,18,19,20,21],
"3": [22,23,24,25,26,27,28,29,30,31,32,33],
"4": [34,35,36,37,38,39,40,41,42,43,44,45],
"5": [46,47,48,49,50,51,52,53,54,55,56,57],
"6": [58,59,60,61,62,63,64,65,66,67,68,69],
"7": [70,71,72,73,74,75,76,77,78,79,80,81]},
"max_id" : [81],
"id_list" : [1,
2,
3,
4,
5,
6,
7,
8,
9,
10,
11,
12,
13,
14,
15,
16,
17,
18,
19,
20,
21,
22,
23,
24,
25,
26,
27,
28,
29,
30,
31,
32,
33,
34,
35,
36,
37,
38,
39,
40,
41,
42,
43,
44,
45,
46,
47,
48,
49,
50,
51,
52,
53,
54,
55,
56,
57,
58,
59,
60,
61,
62,
63,
64,
65,
66,
67,
68,
69,
70,
71,
72,
73,
74,
75,
76,
77,
78,
79,
80,
81]
}
