{
"key": [0],
"cols": ["times","cost"],
"vals": [
  [
    1,
    {"magic":0,"gold":0}
  ],
  [
    2,
    {"magic":7,"gold":550}
  ],
  [
    3,
    {"magic":7,"gold":600}
  ],
  [
    4,
    {"magic":7,"gold":650}
  ],
  [
    5,
    {"magic":7,"gold":700}
  ],
  [
    6,
    {"magic":7,"gold":750}
  ],
  [
    7,
    {"magic":7,"gold":800}
  ],
  [
    8,
    {"magic":7,"gold":850}
  ],
  [
    9,
    {"magic":7,"gold":900}
  ],
  [
    10,
    {"magic":7,"gold":950}
  ],
  [
    11,
    {"magic":7,"gold":1000}
  ],
  [
    12,
    {"magic":7,"gold":1050}
  ],
  [
    13,
    {"magic":7,"gold":1100}
  ],
  [
    14,
    {"magic":7,"gold":1150}
  ],
  [
    15,
    {"magic":7,"gold":1200}
  ],
  [
    16,
    {"magic":7,"gold":1250}
  ],
  [
    17,
    {"magic":7,"gold":1300}
  ],
  [
    18,
    {"magic":7,"gold":1350}
  ],
  [
    19,
    {"magic":7,"gold":1400}
  ],
  [
    20,
    {"magic":7,"gold":1450}
  ],
  [
    21,
    {"magic":7,"gold":1500}
  ],
  [
    22,
    {"magic":7,"gold":1550}
  ],
  [
    23,
    {"magic":7,"gold":1600}
  ],
  [
    24,
    {"magic":7,"gold":1650}
  ],
  [
    25,
    {"magic":7,"gold":1700}
  ],
  [
    26,
    {"magic":7,"gold":1750}
  ],
  [
    27,
    {"magic":7,"gold":1800}
  ],
  [
    28,
    {"magic":7,"gold":1850}
  ],
  [
    29,
    {"magic":7,"gold":1900}
  ],
  [
    30,
    {"magic":7,"gold":1950}
  ],
  [
    31,
    {"magic":7,"gold":2000}
  ],
  [
    32,
    {"magic":7,"gold":2050}
  ],
  [
    33,
    {"magic":7,"gold":2100}
  ],
  [
    34,
    {"magic":7,"gold":2150}
  ],
  [
    35,
    {"magic":7,"gold":2200}
  ],
  [
    36,
    {"magic":7,"gold":2250}
  ],
  [
    37,
    {"magic":7,"gold":2300}
  ],
  [
    38,
    {"magic":7,"gold":2350}
  ],
  [
    39,
    {"magic":7,"gold":2400}
  ],
  [
    40,
    {"magic":7,"gold":2450}
  ],
  [
    41,
    {"magic":7,"gold":2500}
  ],
  [
    42,
    {"magic":7,"gold":2550}
  ],
  [
    43,
    {"magic":7,"gold":2600}
  ],
  [
    44,
    {"magic":7,"gold":2650}
  ],
  [
    45,
    {"magic":7,"gold":2700}
  ],
  [
    46,
    {"magic":7,"gold":2750}
  ],
  [
    47,
    {"magic":7,"gold":2800}
  ],
  [
    48,
    {"magic":7,"gold":2850}
  ],
  [
    49,
    {"magic":7,"gold":2900}
  ],
  [
    50,
    {"magic":7,"gold":2950}
  ],
  [
    51,
    {"magic":7,"gold":3000}
  ],
  [
    52,
    {"magic":7,"gold":3050}
  ],
  [
    53,
    {"magic":8,"gold":3100}
  ],
  [
    54,
    {"magic":8,"gold":3150}
  ],
  [
    55,
    {"magic":8,"gold":3200}
  ],
  [
    56,
    {"magic":8,"gold":3250}
  ],
  [
    57,
    {"magic":8,"gold":3300}
  ],
  [
    58,
    {"magic":8,"gold":3350}
  ],
  [
    59,
    {"magic":8,"gold":3400}
  ],
  [
    60,
    {"magic":8,"gold":3450}
  ],
  [
    61,
    {"magic":8,"gold":3500}
  ],
  [
    62,
    {"magic":8,"gold":3550}
  ],
  [
    63,
    {"magic":8,"gold":3600}
  ],
  [
    64,
    {"magic":8,"gold":3650}
  ],
  [
    65,
    {"magic":8,"gold":3700}
  ],
  [
    66,
    {"magic":8,"gold":3750}
  ],
  [
    67,
    {"magic":8,"gold":3800}
  ],
  [
    68,
    {"magic":9,"gold":3850}
  ],
  [
    69,
    {"magic":9,"gold":3900}
  ],
  [
    70,
    {"magic":9,"gold":3950}
  ],
  [
    71,
    {"magic":9,"gold":4000}
  ],
  [
    72,
    {"magic":9,"gold":4050}
  ],
  [
    73,
    {"magic":9,"gold":4100}
  ],
  [
    74,
    {"magic":9,"gold":4150}
  ],
  [
    75,
    {"magic":9,"gold":4200}
  ],
  [
    76,
    {"magic":9,"gold":4250}
  ],
  [
    77,
    {"magic":9,"gold":4300}
  ],
  [
    78,
    {"magic":9,"gold":4350}
  ],
  [
    79,
    {"magic":9,"gold":4400}
  ],
  [
    80,
    {"magic":9,"gold":4450}
  ],
  [
    81,
    {"magic":9,"gold":4500}
  ],
  [
    82,
    {"magic":10,"gold":4550}
  ],
  [
    83,
    {"magic":10,"gold":4600}
  ],
  [
    84,
    {"magic":10,"gold":4650}
  ],
  [
    85,
    {"magic":10,"gold":4700}
  ],
  [
    86,
    {"magic":10,"gold":4750}
  ],
  [
    87,
    {"magic":10,"gold":4800}
  ],
  [
    88,
    {"magic":10,"gold":4850}
  ],
  [
    89,
    {"magic":10,"gold":4900}
  ],
  [
    90,
    {"magic":10,"gold":4950}
  ],
  [
    91,
    {"magic":10,"gold":5000}
  ],
  [
    92,
    {"magic":10,"gold":5050}
  ],
  [
    93,
    {"magic":10,"gold":5100}
  ],
  [
    94,
    {"magic":10,"gold":5150}
  ],
  [
    95,
    {"magic":11,"gold":5200}
  ],
  [
    96,
    {"magic":11,"gold":5250}
  ],
  [
    97,
    {"magic":11,"gold":5300}
  ],
  [
    98,
    {"magic":11,"gold":5350}
  ],
  [
    99,
    {"magic":11,"gold":5400}
  ],
  [
    100,
    {"magic":11,"gold":5450}
  ],
  [
    101,
    {"magic":11,"gold":5500}
  ],
  [
    102,
    {"magic":11,"gold":5550}
  ],
  [
    103,
    {"magic":11,"gold":5600}
  ],
  [
    104,
    {"magic":11,"gold":5650}
  ],
  [
    105,
    {"magic":11,"gold":5700}
  ],
  [
    106,
    {"magic":11,"gold":5750}
  ],
  [
    107,
    {"magic":12,"gold":5800}
  ],
  [
    108,
    {"magic":12,"gold":5850}
  ],
  [
    109,
    {"magic":12,"gold":5900}
  ],
  [
    110,
    {"magic":12,"gold":5950}
  ],
  [
    111,
    {"magic":12,"gold":6000}
  ],
  [
    112,
    {"magic":12,"gold":6050}
  ],
  [
    113,
    {"magic":12,"gold":6100}
  ],
  [
    114,
    {"magic":12,"gold":6150}
  ],
  [
    115,
    {"magic":12,"gold":6200}
  ],
  [
    116,
    {"magic":12,"gold":6250}
  ],
  [
    117,
    {"magic":12,"gold":6300}
  ],
  [
    118,
    {"magic":13,"gold":6350}
  ],
  [
    119,
    {"magic":13,"gold":6400}
  ],
  [
    120,
    {"magic":13,"gold":6450}
  ],
  [
    121,
    {"magic":13,"gold":6500}
  ],
  [
    122,
    {"magic":13,"gold":6550}
  ],
  [
    123,
    {"magic":13,"gold":6600}
  ],
  [
    124,
    {"magic":13,"gold":6650}
  ],
  [
    125,
    {"magic":13,"gold":6700}
  ],
  [
    126,
    {"magic":13,"gold":6750}
  ],
  [
    127,
    {"magic":13,"gold":6800}
  ],
  [
    128,
    {"magic":14,"gold":6850}
  ],
  [
    129,
    {"magic":14,"gold":6900}
  ],
  [
    130,
    {"magic":14,"gold":6950}
  ],
  [
    131,
    {"magic":14,"gold":7000}
  ],
  [
    132,
    {"magic":14,"gold":7050}
  ],
  [
    133,
    {"magic":14,"gold":7100}
  ],
  [
    134,
    {"magic":14,"gold":7150}
  ],
  [
    135,
    {"magic":14,"gold":7200}
  ],
  [
    136,
    {"magic":14,"gold":7250}
  ],
  [
    137,
    {"magic":15,"gold":7300}
  ],
  [
    138,
    {"magic":15,"gold":7350}
  ],
  [
    139,
    {"magic":15,"gold":7400}
  ],
  [
    140,
    {"magic":15,"gold":7450}
  ],
  [
    141,
    {"magic":15,"gold":7500}
  ],
  [
    142,
    {"magic":15,"gold":7550}
  ],
  [
    143,
    {"magic":15,"gold":7600}
  ],
  [
    144,
    {"magic":15,"gold":7650}
  ],
  [
    145,
    {"magic":15,"gold":7700}
  ],
  [
    146,
    {"magic":16,"gold":7750}
  ],
  [
    147,
    {"magic":16,"gold":7800}
  ],
  [
    148,
    {"magic":16,"gold":7850}
  ],
  [
    149,
    {"magic":16,"gold":7900}
  ],
  [
    150,
    {"magic":16,"gold":7950}
  ],
  [
    151,
    {"magic":16,"gold":8000}
  ],
  [
    152,
    {"magic":16,"gold":8050}
  ],
  [
    153,
    {"magic":16,"gold":8100}
  ],
  [
    154,
    {"magic":16,"gold":8150}
  ],
  [
    155,
    {"magic":17,"gold":8200}
  ],
  [
    156,
    {"magic":17,"gold":8250}
  ],
  [
    157,
    {"magic":17,"gold":8300}
  ],
  [
    158,
    {"magic":17,"gold":8350}
  ],
  [
    159,
    {"magic":17,"gold":8400}
  ],
  [
    160,
    {"magic":17,"gold":8450}
  ],
  [
    161,
    {"magic":17,"gold":8500}
  ],
  [
    162,
    {"magic":17,"gold":8550}
  ],
  [
    163,
    {"magic":17,"gold":8600}
  ],
  [
    164,
    {"magic":18,"gold":8650}
  ],
  [
    165,
    {"magic":18,"gold":8700}
  ],
  [
    166,
    {"magic":18,"gold":8750}
  ],
  [
    167,
    {"magic":18,"gold":8800}
  ],
  [
    168,
    {"magic":18,"gold":8850}
  ],
  [
    169,
    {"magic":18,"gold":8900}
  ],
  [
    170,
    {"magic":18,"gold":8950}
  ],
  [
    171,
    {"magic":18,"gold":9000}
  ],
  [
    172,
    {"magic":18,"gold":9050}
  ],
  [
    173,
    {"magic":19,"gold":9100}
  ],
  [
    174,
    {"magic":19,"gold":9150}
  ],
  [
    175,
    {"magic":19,"gold":9200}
  ],
  [
    176,
    {"magic":19,"gold":9250}
  ],
  [
    177,
    {"magic":19,"gold":9300}
  ],
  [
    178,
    {"magic":19,"gold":9350}
  ],
  [
    179,
    {"magic":19,"gold":9400}
  ],
  [
    180,
    {"magic":19,"gold":9450}
  ],
  [
    181,
    {"magic":19,"gold":9500}
  ],
  [
    182,
    {"magic":20,"gold":9550}
  ],
  [
    183,
    {"magic":20,"gold":9600}
  ],
  [
    184,
    {"magic":20,"gold":9650}
  ],
  [
    185,
    {"magic":20,"gold":9700}
  ],
  [
    186,
    {"magic":20,"gold":9750}
  ],
  [
    187,
    {"magic":20,"gold":9800}
  ],
  [
    188,
    {"magic":20,"gold":9850}
  ],
  [
    189,
    {"magic":20,"gold":9900}
  ],
  [
    190,
    {"magic":20,"gold":9950}
  ],
  [
    191,
    {"magic":21,"gold":10000}
  ],
  [
    192,
    {"magic":21,"gold":10050}
  ],
  [
    193,
    {"magic":21,"gold":10100}
  ],
  [
    194,
    {"magic":21,"gold":10150}
  ],
  [
    195,
    {"magic":21,"gold":10200}
  ],
  [
    196,
    {"magic":21,"gold":10250}
  ],
  [
    197,
    {"magic":21,"gold":10300}
  ],
  [
    198,
    {"magic":21,"gold":10350}
  ],
  [
    199,
    {"magic":21,"gold":10400}
  ],
  [
    200,
    {"magic":22,"gold":10450}
  ],
  [
    201,
    {"magic":22,"gold":10500}
  ],
  [
    202,
    {"magic":22,"gold":10550}
  ],
  [
    203,
    {"magic":22,"gold":10600}
  ],
  [
    204,
    {"magic":22,"gold":10650}
  ],
  [
    205,
    {"magic":22,"gold":10700}
  ],
  [
    206,
    {"magic":22,"gold":10750}
  ],
  [
    207,
    {"magic":22,"gold":10800}
  ],
  [
    208,
    {"magic":22,"gold":10850}
  ],
  [
    209,
    {"magic":23,"gold":10900}
  ],
  [
    210,
    {"magic":23,"gold":10950}
  ],
  [
    211,
    {"magic":23,"gold":11000}
  ],
  [
    212,
    {"magic":23,"gold":11050}
  ],
  [
    213,
    {"magic":23,"gold":11100}
  ],
  [
    214,
    {"magic":23,"gold":11150}
  ],
  [
    215,
    {"magic":23,"gold":11200}
  ],
  [
    216,
    {"magic":23,"gold":11250}
  ],
  [
    217,
    {"magic":23,"gold":11300}
  ],
  [
    218,
    {"magic":24,"gold":11350}
  ],
  [
    219,
    {"magic":24,"gold":11400}
  ],
  [
    220,
    {"magic":24,"gold":11450}
  ],
  [
    221,
    {"magic":24,"gold":11500}
  ],
  [
    222,
    {"magic":24,"gold":11550}
  ],
  [
    223,
    {"magic":24,"gold":11600}
  ],
  [
    224,
    {"magic":24,"gold":11650}
  ],
  [
    225,
    {"magic":24,"gold":11700}
  ],
  [
    226,
    {"magic":24,"gold":11750}
  ],
  [
    227,
    {"magic":25,"gold":11800}
  ],
  [
    228,
    {"magic":25,"gold":11850}
  ],
  [
    229,
    {"magic":25,"gold":11900}
  ],
  [
    230,
    {"magic":25,"gold":11950}
  ],
  [
    231,
    {"magic":25,"gold":12000}
  ],
  [
    232,
    {"magic":25,"gold":12050}
  ],
  [
    233,
    {"magic":25,"gold":12100}
  ],
  [
    234,
    {"magic":25,"gold":12150}
  ],
  [
    235,
    {"magic":25,"gold":12200}
  ],
  [
    236,
    {"magic":26,"gold":12250}
  ],
  [
    237,
    {"magic":26,"gold":12300}
  ],
  [
    238,
    {"magic":26,"gold":12350}
  ],
  [
    239,
    {"magic":26,"gold":12400}
  ],
  [
    240,
    {"magic":26,"gold":12450}
  ],
  [
    241,
    {"magic":26,"gold":12500}
  ],
  [
    242,
    {"magic":26,"gold":12550}
  ],
  [
    243,
    {"magic":26,"gold":12600}
  ],
  [
    244,
    {"magic":26,"gold":12650}
  ],
  [
    245,
    {"magic":27,"gold":12700}
  ],
  [
    246,
    {"magic":27,"gold":12750}
  ],
  [
    247,
    {"magic":27,"gold":12800}
  ],
  [
    248,
    {"magic":27,"gold":12850}
  ],
  [
    249,
    {"magic":27,"gold":12900}
  ],
  [
    250,
    {"magic":27,"gold":12950}
  ],
  [
    251,
    {"magic":27,"gold":13000}
  ],
  [
    252,
    {"magic":27,"gold":13050}
  ],
  [
    253,
    {"magic":27,"gold":13100}
  ],
  [
    254,
    {"magic":28,"gold":13150}
  ],
  [
    255,
    {"magic":28,"gold":13200}
  ],
  [
    256,
    {"magic":28,"gold":13250}
  ],
  [
    257,
    {"magic":28,"gold":13300}
  ],
  [
    258,
    {"magic":28,"gold":13350}
  ],
  [
    259,
    {"magic":28,"gold":13400}
  ],
  [
    260,
    {"magic":28,"gold":13450}
  ],
  [
    261,
    {"magic":28,"gold":13500}
  ],
  [
    262,
    {"magic":28,"gold":13550}
  ],
  [
    263,
    {"magic":29,"gold":13600}
  ],
  [
    264,
    {"magic":29,"gold":13650}
  ],
  [
    265,
    {"magic":29,"gold":13700}
  ],
  [
    266,
    {"magic":29,"gold":13750}
  ],
  [
    267,
    {"magic":29,"gold":13800}
  ],
  [
    268,
    {"magic":29,"gold":13850}
  ],
  [
    269,
    {"magic":29,"gold":13900}
  ],
  [
    270,
    {"magic":29,"gold":13950}
  ],
  [
    271,
    {"magic":29,"gold":14000}
  ],
  [
    272,
    {"magic":30,"gold":14050}
  ],
  [
    273,
    {"magic":30,"gold":14100}
  ],
  [
    274,
    {"magic":30,"gold":14150}
  ],
  [
    275,
    {"magic":30,"gold":14200}
  ],
  [
    276,
    {"magic":30,"gold":14250}
  ],
  [
    277,
    {"magic":30,"gold":14300}
  ],
  [
    278,
    {"magic":30,"gold":14350}
  ],
  [
    279,
    {"magic":30,"gold":14400}
  ],
  [
    280,
    {"magic":30,"gold":14450}
  ],
  [
    281,
    {"magic":31,"gold":14500}
  ],
  [
    282,
    {"magic":31,"gold":14550}
  ],
  [
    283,
    {"magic":31,"gold":14600}
  ],
  [
    284,
    {"magic":31,"gold":14650}
  ],
  [
    285,
    {"magic":31,"gold":14700}
  ],
  [
    286,
    {"magic":31,"gold":14750}
  ],
  [
    287,
    {"magic":31,"gold":14800}
  ],
  [
    288,
    {"magic":31,"gold":14850}
  ],
  [
    289,
    {"magic":31,"gold":14900}
  ],
  [
    290,
    {"magic":32,"gold":14950}
  ],
  [
    291,
    {"magic":32,"gold":15000}
  ],
  [
    292,
    {"magic":32,"gold":15050}
  ],
  [
    293,
    {"magic":32,"gold":15100}
  ],
  [
    294,
    {"magic":32,"gold":15150}
  ],
  [
    295,
    {"magic":32,"gold":15200}
  ],
  [
    296,
    {"magic":32,"gold":15250}
  ],
  [
    297,
    {"magic":32,"gold":15300}
  ],
  [
    298,
    {"magic":32,"gold":15350}
  ],
  [
    299,
    {"magic":33,"gold":15400}
  ],
  [
    300,
    {"magic":33,"gold":15450}
  ],
  [
    301,
    {"magic":33,"gold":15500}
  ],
  [
    302,
    {"magic":33,"gold":15550}
  ],
  [
    303,
    {"magic":33,"gold":15600}
  ],
  [
    304,
    {"magic":33,"gold":15650}
  ],
  [
    305,
    {"magic":33,"gold":15700}
  ],
  [
    306,
    {"magic":33,"gold":15750}
  ],
  [
    307,
    {"magic":33,"gold":15800}
  ],
  [
    308,
    {"magic":34,"gold":15850}
  ],
  [
    309,
    {"magic":34,"gold":15900}
  ],
  [
    310,
    {"magic":34,"gold":15950}
  ],
  [
    311,
    {"magic":34,"gold":16000}
  ],
  [
    312,
    {"magic":34,"gold":16050}
  ],
  [
    313,
    {"magic":34,"gold":16100}
  ],
  [
    314,
    {"magic":34,"gold":16150}
  ],
  [
    315,
    {"magic":34,"gold":16200}
  ],
  [
    316,
    {"magic":34,"gold":16250}
  ],
  [
    317,
    {"magic":35,"gold":16300}
  ],
  [
    318,
    {"magic":35,"gold":16350}
  ],
  [
    319,
    {"magic":35,"gold":16400}
  ],
  [
    320,
    {"magic":35,"gold":16450}
  ],
  [
    321,
    {"magic":35,"gold":16500}
  ],
  [
    322,
    {"magic":35,"gold":16550}
  ],
  [
    323,
    {"magic":35,"gold":16600}
  ],
  [
    324,
    {"magic":35,"gold":16650}
  ],
  [
    325,
    {"magic":35,"gold":16700}
  ],
  [
    326,
    {"magic":36,"gold":16750}
  ],
  [
    327,
    {"magic":36,"gold":16800}
  ],
  [
    328,
    {"magic":36,"gold":16850}
  ],
  [
    329,
    {"magic":36,"gold":16900}
  ],
  [
    330,
    {"magic":36,"gold":16950}
  ],
  [
    331,
    {"magic":36,"gold":17000}
  ],
  [
    332,
    {"magic":36,"gold":17050}
  ],
  [
    333,
    {"magic":36,"gold":17100}
  ],
  [
    334,
    {"magic":36,"gold":17150}
  ],
  [
    335,
    {"magic":37,"gold":17200}
  ],
  [
    336,
    {"magic":37,"gold":17250}
  ],
  [
    337,
    {"magic":37,"gold":17300}
  ],
  [
    338,
    {"magic":37,"gold":17350}
  ],
  [
    339,
    {"magic":37,"gold":17400}
  ],
  [
    340,
    {"magic":37,"gold":17450}
  ],
  [
    341,
    {"magic":37,"gold":17500}
  ],
  [
    342,
    {"magic":37,"gold":17550}
  ],
  [
    343,
    {"magic":37,"gold":17600}
  ],
  [
    344,
    {"magic":38,"gold":17650}
  ],
  [
    345,
    {"magic":38,"gold":17700}
  ],
  [
    346,
    {"magic":38,"gold":17750}
  ],
  [
    347,
    {"magic":38,"gold":17800}
  ],
  [
    348,
    {"magic":38,"gold":17850}
  ],
  [
    349,
    {"magic":38,"gold":17900}
  ],
  [
    350,
    {"magic":38,"gold":17950}
  ],
  [
    351,
    {"magic":38,"gold":18000}
  ],
  [
    352,
    {"magic":38,"gold":18050}
  ],
  [
    353,
    {"magic":39,"gold":18100}
  ],
  [
    354,
    {"magic":39,"gold":18150}
  ],
  [
    355,
    {"magic":39,"gold":18200}
  ],
  [
    356,
    {"magic":39,"gold":18250}
  ],
  [
    357,
    {"magic":39,"gold":18300}
  ],
  [
    358,
    {"magic":39,"gold":18350}
  ],
  [
    359,
    {"magic":39,"gold":18400}
  ],
  [
    360,
    {"magic":39,"gold":18450}
  ],
  [
    361,
    {"magic":39,"gold":18500}
  ],
  [
    362,
    {"magic":40,"gold":18550}
  ],
  [
    363,
    {"magic":40,"gold":18600}
  ],
  [
    364,
    {"magic":40,"gold":18650}
  ],
  [
    365,
    {"magic":40,"gold":18700}
  ],
  [
    366,
    {"magic":40,"gold":18750}
  ],
  [
    367,
    {"magic":41,"gold":18800}
  ],
  [
    368,
    {"magic":41,"gold":18850}
  ],
  [
    369,
    {"magic":41,"gold":18900}
  ],
  [
    370,
    {"magic":41,"gold":18950}
  ],
  [
    371,
    {"magic":41,"gold":19000}
  ],
  [
    372,
    {"magic":42,"gold":19050}
  ],
  [
    373,
    {"magic":42,"gold":19100}
  ],
  [
    374,
    {"magic":42,"gold":19150}
  ],
  [
    375,
    {"magic":42,"gold":19200}
  ],
  [
    376,
    {"magic":42,"gold":19250}
  ],
  [
    377,
    {"magic":43,"gold":19300}
  ],
  [
    378,
    {"magic":43,"gold":19350}
  ],
  [
    379,
    {"magic":43,"gold":19400}
  ],
  [
    380,
    {"magic":43,"gold":19450}
  ],
  [
    381,
    {"magic":43,"gold":19500}
  ],
  [
    382,
    {"magic":44,"gold":19550}
  ],
  [
    383,
    {"magic":44,"gold":19600}
  ],
  [
    384,
    {"magic":44,"gold":19650}
  ],
  [
    385,
    {"magic":44,"gold":19700}
  ],
  [
    386,
    {"magic":44,"gold":19750}
  ],
  [
    387,
    {"magic":45,"gold":19800}
  ],
  [
    388,
    {"magic":45,"gold":19850}
  ],
  [
    389,
    {"magic":45,"gold":19900}
  ],
  [
    390,
    {"magic":45,"gold":19950}
  ],
  [
    391,
    {"magic":45,"gold":20000}
  ],
  [
    392,
    {"magic":46,"gold":20050}
  ],
  [
    393,
    {"magic":46,"gold":20100}
  ],
  [
    394,
    {"magic":46,"gold":20150}
  ],
  [
    395,
    {"magic":46,"gold":20200}
  ],
  [
    396,
    {"magic":46,"gold":20250}
  ],
  [
    397,
    {"magic":47,"gold":20300}
  ],
  [
    398,
    {"magic":47,"gold":20350}
  ],
  [
    399,
    {"magic":47,"gold":20400}
  ],
  [
    400,
    {"magic":47,"gold":20450}
  ],
  [
    401,
    {"magic":47,"gold":20500}
  ],
  [
    402,
    {"magic":48,"gold":20550}
  ],
  [
    403,
    {"magic":48,"gold":20600}
  ],
  [
    404,
    {"magic":48,"gold":20650}
  ],
  [
    405,
    {"magic":48,"gold":20700}
  ],
  [
    406,
    {"magic":48,"gold":20750}
  ],
  [
    407,
    {"magic":49,"gold":20800}
  ],
  [
    408,
    {"magic":49,"gold":20850}
  ],
  [
    409,
    {"magic":49,"gold":20900}
  ],
  [
    410,
    {"magic":49,"gold":20950}
  ],
  [
    411,
    {"magic":49,"gold":21000}
  ],
  [
    412,
    {"magic":50,"gold":21050}
  ],
  [
    413,
    {"magic":50,"gold":21100}
  ],
  [
    414,
    {"magic":50,"gold":21150}
  ],
  [
    415,
    {"magic":50,"gold":21200}
  ],
  [
    416,
    {"magic":50,"gold":21250}
  ],
  [
    417,
    {"magic":51,"gold":21300}
  ],
  [
    418,
    {"magic":51,"gold":21350}
  ],
  [
    419,
    {"magic":51,"gold":21400}
  ],
  [
    420,
    {"magic":51,"gold":21450}
  ],
  [
    421,
    {"magic":51,"gold":21500}
  ],
  [
    422,
    {"magic":52,"gold":21550}
  ],
  [
    423,
    {"magic":52,"gold":21600}
  ],
  [
    424,
    {"magic":52,"gold":21650}
  ],
  [
    425,
    {"magic":52,"gold":21700}
  ],
  [
    426,
    {"magic":52,"gold":21750}
  ],
  [
    427,
    {"magic":53,"gold":21800}
  ],
  [
    428,
    {"magic":53,"gold":21850}
  ],
  [
    429,
    {"magic":53,"gold":21900}
  ],
  [
    430,
    {"magic":53,"gold":21950}
  ],
  [
    431,
    {"magic":53,"gold":22000}
  ],
  [
    432,
    {"magic":54,"gold":22050}
  ],
  [
    433,
    {"magic":54,"gold":22100}
  ],
  [
    434,
    {"magic":54,"gold":22150}
  ],
  [
    435,
    {"magic":54,"gold":22200}
  ],
  [
    436,
    {"magic":54,"gold":22250}
  ],
  [
    437,
    {"magic":55,"gold":22300}
  ],
  [
    438,
    {"magic":55,"gold":22350}
  ],
  [
    439,
    {"magic":55,"gold":22400}
  ],
  [
    440,
    {"magic":55,"gold":22450}
  ],
  [
    441,
    {"magic":55,"gold":22500}
  ],
  [
    442,
    {"magic":56,"gold":22550}
  ],
  [
    443,
    {"magic":56,"gold":22600}
  ],
  [
    444,
    {"magic":56,"gold":22650}
  ],
  [
    445,
    {"magic":56,"gold":22700}
  ],
  [
    446,
    {"magic":56,"gold":22750}
  ],
  [
    447,
    {"magic":57,"gold":22800}
  ],
  [
    448,
    {"magic":57,"gold":22850}
  ],
  [
    449,
    {"magic":57,"gold":22900}
  ],
  [
    450,
    {"magic":57,"gold":22950}
  ],
  [
    451,
    {"magic":57,"gold":23000}
  ],
  [
    452,
    {"magic":58,"gold":23050}
  ],
  [
    453,
    {"magic":58,"gold":23100}
  ],
  [
    454,
    {"magic":58,"gold":23150}
  ],
  [
    455,
    {"magic":58,"gold":23200}
  ],
  [
    456,
    {"magic":58,"gold":23250}
  ],
  [
    457,
    {"magic":59,"gold":23300}
  ],
  [
    458,
    {"magic":59,"gold":23350}
  ],
  [
    459,
    {"magic":59,"gold":23400}
  ],
  [
    460,
    {"magic":59,"gold":23450}
  ],
  [
    461,
    {"magic":59,"gold":23500}
  ],
  [
    462,
    {"magic":60,"gold":23550}
  ],
  [
    463,
    {"magic":60,"gold":23600}
  ],
  [
    464,
    {"magic":60,"gold":23650}
  ],
  [
    465,
    {"magic":60,"gold":23700}
  ],
  [
    466,
    {"magic":60,"gold":23750}
  ],
  [
    467,
    {"magic":61,"gold":23800}
  ],
  [
    468,
    {"magic":61,"gold":23850}
  ],
  [
    469,
    {"magic":61,"gold":23900}
  ],
  [
    470,
    {"magic":61,"gold":23950}
  ],
  [
    471,
    {"magic":61,"gold":24000}
  ],
  [
    472,
    {"magic":62,"gold":24050}
  ],
  [
    473,
    {"magic":62,"gold":24100}
  ],
  [
    474,
    {"magic":62,"gold":24150}
  ],
  [
    475,
    {"magic":62,"gold":24200}
  ],
  [
    476,
    {"magic":62,"gold":24250}
  ],
  [
    477,
    {"magic":63,"gold":24300}
  ],
  [
    478,
    {"magic":63,"gold":24350}
  ],
  [
    479,
    {"magic":63,"gold":24400}
  ],
  [
    480,
    {"magic":63,"gold":24450}
  ],
  [
    481,
    {"magic":63,"gold":24500}
  ],
  [
    482,
    {"magic":64,"gold":24550}
  ],
  [
    483,
    {"magic":64,"gold":24600}
  ],
  [
    484,
    {"magic":64,"gold":24650}
  ],
  [
    485,
    {"magic":64,"gold":24700}
  ],
  [
    486,
    {"magic":64,"gold":24750}
  ],
  [
    487,
    {"magic":65,"gold":24800}
  ],
  [
    488,
    {"magic":65,"gold":24850}
  ],
  [
    489,
    {"magic":65,"gold":24900}
  ],
  [
    490,
    {"magic":65,"gold":24950}
  ],
  [
    491,
    {"magic":65,"gold":25000}
  ],
  [
    492,
    {"magic":66,"gold":25050}
  ],
  [
    493,
    {"magic":66,"gold":25100}
  ],
  [
    494,
    {"magic":66,"gold":25150}
  ],
  [
    495,
    {"magic":66,"gold":25200}
  ],
  [
    496,
    {"magic":66,"gold":25250}
  ],
  [
    497,
    {"magic":67,"gold":25300}
  ],
  [
    498,
    {"magic":67,"gold":25350}
  ],
  [
    499,
    {"magic":67,"gold":25400}
  ],
  [
    500,
    {"magic":67,"gold":25450}
  ],
  [
    501,
    {"magic":67,"gold":25500}
  ],
  [
    502,
    {"magic":68,"gold":25550}
  ],
  [
    503,
    {"magic":68,"gold":25600}
  ],
  [
    504,
    {"magic":68,"gold":25650}
  ],
  [
    505,
    {"magic":68,"gold":25700}
  ],
  [
    506,
    {"magic":68,"gold":25750}
  ],
  [
    507,
    {"magic":69,"gold":25800}
  ],
  [
    508,
    {"magic":69,"gold":25850}
  ],
  [
    509,
    {"magic":69,"gold":25900}
  ],
  [
    510,
    {"magic":69,"gold":25950}
  ],
  [
    511,
    {"magic":69,"gold":26000}
  ],
  [
    512,
    {"magic":70,"gold":26050}
  ],
  [
    513,
    {"magic":70,"gold":26100}
  ],
  [
    514,
    {"magic":70,"gold":26150}
  ],
  [
    515,
    {"magic":70,"gold":26200}
  ],
  [
    516,
    {"magic":70,"gold":26250}
  ],
  [
    517,
    {"magic":71,"gold":26300}
  ],
  [
    518,
    {"magic":71,"gold":26350}
  ],
  [
    519,
    {"magic":71,"gold":26400}
  ],
  [
    520,
    {"magic":71,"gold":26450}
  ],
  [
    521,
    {"magic":71,"gold":26500}
  ],
  [
    522,
    {"magic":72,"gold":26550}
  ],
  [
    523,
    {"magic":72,"gold":26600}
  ],
  [
    524,
    {"magic":72,"gold":26650}
  ],
  [
    525,
    {"magic":72,"gold":26700}
  ],
  [
    526,
    {"magic":72,"gold":26750}
  ],
  [
    527,
    {"magic":73,"gold":26800}
  ],
  [
    528,
    {"magic":73,"gold":26850}
  ],
  [
    529,
    {"magic":73,"gold":26900}
  ],
  [
    530,
    {"magic":73,"gold":26950}
  ],
  [
    531,
    {"magic":73,"gold":27000}
  ],
  [
    532,
    {"magic":74,"gold":27050}
  ],
  [
    533,
    {"magic":74,"gold":27100}
  ],
  [
    534,
    {"magic":74,"gold":27150}
  ],
  [
    535,
    {"magic":74,"gold":27200}
  ],
  [
    536,
    {"magic":74,"gold":27250}
  ],
  [
    537,
    {"magic":75,"gold":27300}
  ],
  [
    538,
    {"magic":75,"gold":27350}
  ],
  [
    539,
    {"magic":75,"gold":27400}
  ],
  [
    540,
    {"magic":75,"gold":27450}
  ],
  [
    541,
    {"magic":75,"gold":27500}
  ],
  [
    542,
    {"magic":76,"gold":27550}
  ],
  [
    543,
    {"magic":76,"gold":27600}
  ],
  [
    544,
    {"magic":76,"gold":27650}
  ],
  [
    545,
    {"magic":76,"gold":27700}
  ],
  [
    546,
    {"magic":76,"gold":27750}
  ],
  [
    547,
    {"magic":77,"gold":27800}
  ],
  [
    548,
    {"magic":77,"gold":27850}
  ],
  [
    549,
    {"magic":77,"gold":27900}
  ],
  [
    550,
    {"magic":77,"gold":27950}
  ],
  [
    551,
    {"magic":77,"gold":28000}
  ],
  [
    552,
    {"magic":78,"gold":28050}
  ],
  [
    553,
    {"magic":78,"gold":28100}
  ],
  [
    554,
    {"magic":78,"gold":28150}
  ],
  [
    555,
    {"magic":78,"gold":28200}
  ],
  [
    556,
    {"magic":78,"gold":28250}
  ],
  [
    557,
    {"magic":79,"gold":28300}
  ],
  [
    558,
    {"magic":79,"gold":28350}
  ],
  [
    559,
    {"magic":79,"gold":28400}
  ],
  [
    560,
    {"magic":79,"gold":28450}
  ],
  [
    561,
    {"magic":79,"gold":28500}
  ],
  [
    562,
    {"magic":80,"gold":28550}
  ],
  [
    563,
    {"magic":80,"gold":28600}
  ],
  [
    564,
    {"magic":80,"gold":28650}
  ],
  [
    565,
    {"magic":80,"gold":28700}
  ],
  [
    566,
    {"magic":80,"gold":28750}
  ],
  [
    567,
    {"magic":81,"gold":28800}
  ],
  [
    568,
    {"magic":81,"gold":28850}
  ],
  [
    569,
    {"magic":81,"gold":28900}
  ],
  [
    570,
    {"magic":81,"gold":28950}
  ],
  [
    571,
    {"magic":81,"gold":29000}
  ],
  [
    572,
    {"magic":82,"gold":29050}
  ],
  [
    573,
    {"magic":82,"gold":29100}
  ],
  [
    574,
    {"magic":82,"gold":29150}
  ],
  [
    575,
    {"magic":82,"gold":29200}
  ],
  [
    576,
    {"magic":82,"gold":29250}
  ],
  [
    577,
    {"magic":83,"gold":29300}
  ],
  [
    578,
    {"magic":83,"gold":29350}
  ],
  [
    579,
    {"magic":83,"gold":29400}
  ],
  [
    580,
    {"magic":83,"gold":29450}
  ],
  [
    581,
    {"magic":83,"gold":29500}
  ],
  [
    582,
    {"magic":84,"gold":29550}
  ],
  [
    583,
    {"magic":84,"gold":29600}
  ],
  [
    584,
    {"magic":84,"gold":29650}
  ],
  [
    585,
    {"magic":84,"gold":29700}
  ],
  [
    586,
    {"magic":84,"gold":29750}
  ],
  [
    587,
    {"magic":85,"gold":29800}
  ],
  [
    588,
    {"magic":85,"gold":29850}
  ],
  [
    589,
    {"magic":85,"gold":29900}
  ],
  [
    590,
    {"magic":85,"gold":29950}
  ],
  [
    591,
    {"magic":85,"gold":30000}
  ],
  [
    592,
    {"magic":86,"gold":30050}
  ],
  [
    593,
    {"magic":86,"gold":30100}
  ],
  [
    594,
    {"magic":86,"gold":30150}
  ],
  [
    595,
    {"magic":86,"gold":30200}
  ],
  [
    596,
    {"magic":86,"gold":30250}
  ],
  [
    597,
    {"magic":87,"gold":30300}
  ],
  [
    598,
    {"magic":87,"gold":30350}
  ],
  [
    599,
    {"magic":87,"gold":30400}
  ],
  [
    600,
    {"magic":87,"gold":30450}
  ],
  [
    601,
    {"magic":87,"gold":30500}
  ],
  [
    602,
    {"magic":88,"gold":30550}
  ],
  [
    603,
    {"magic":88,"gold":30600}
  ],
  [
    604,
    {"magic":88,"gold":30650}
  ],
  [
    605,
    {"magic":88,"gold":30700}
  ],
  [
    606,
    {"magic":88,"gold":30750}
  ],
  [
    607,
    {"magic":89,"gold":30800}
  ],
  [
    608,
    {"magic":89,"gold":30850}
  ],
  [
    609,
    {"magic":89,"gold":30900}
  ],
  [
    610,
    {"magic":89,"gold":30950}
  ],
  [
    611,
    {"magic":89,"gold":31000}
  ],
  [
    612,
    {"magic":90,"gold":31050}
  ],
  [
    613,
    {"magic":90,"gold":31100}
  ],
  [
    614,
    {"magic":90,"gold":31150}
  ],
  [
    615,
    {"magic":90,"gold":31200}
  ],
  [
    616,
    {"magic":90,"gold":31250}
  ],
  [
    617,
    {"magic":91,"gold":31300}
  ],
  [
    618,
    {"magic":91,"gold":31350}
  ],
  [
    619,
    {"magic":91,"gold":31400}
  ],
  [
    620,
    {"magic":91,"gold":31450}
  ],
  [
    621,
    {"magic":91,"gold":31500}
  ],
  [
    622,
    {"magic":92,"gold":31550}
  ],
  [
    623,
    {"magic":92,"gold":31600}
  ],
  [
    624,
    {"magic":92,"gold":31650}
  ],
  [
    625,
    {"magic":92,"gold":31700}
  ],
  [
    626,
    {"magic":92,"gold":31750}
  ],
  [
    627,
    {"magic":93,"gold":31800}
  ],
  [
    628,
    {"magic":93,"gold":31850}
  ],
  [
    629,
    {"magic":93,"gold":31900}
  ],
  [
    630,
    {"magic":93,"gold":31950}
  ],
  [
    631,
    {"magic":93,"gold":32000}
  ],
  [
    632,
    {"magic":94,"gold":32050}
  ],
  [
    633,
    {"magic":94,"gold":32100}
  ],
  [
    634,
    {"magic":94,"gold":32150}
  ],
  [
    635,
    {"magic":94,"gold":32200}
  ],
  [
    636,
    {"magic":94,"gold":32250}
  ],
  [
    637,
    {"magic":95,"gold":32300}
  ],
  [
    638,
    {"magic":95,"gold":32350}
  ],
  [
    639,
    {"magic":95,"gold":32400}
  ],
  [
    640,
    {"magic":95,"gold":32450}
  ],
  [
    641,
    {"magic":95,"gold":32500}
  ],
  [
    642,
    {"magic":96,"gold":32550}
  ],
  [
    643,
    {"magic":96,"gold":32600}
  ],
  [
    644,
    {"magic":96,"gold":32650}
  ],
  [
    645,
    {"magic":96,"gold":32700}
  ],
  [
    646,
    {"magic":96,"gold":32750}
  ],
  [
    647,
    {"magic":97,"gold":32800}
  ],
  [
    648,
    {"magic":97,"gold":32850}
  ],
  [
    649,
    {"magic":97,"gold":32900}
  ],
  [
    650,
    {"magic":97,"gold":32950}
  ],
  [
    651,
    {"magic":97,"gold":33000}
  ],
  [
    652,
    {"magic":98,"gold":33050}
  ],
  [
    653,
    {"magic":98,"gold":33100}
  ],
  [
    654,
    {"magic":98,"gold":33150}
  ],
  [
    655,
    {"magic":98,"gold":33200}
  ],
  [
    656,
    {"magic":98,"gold":33250}
  ],
  [
    657,
    {"magic":99,"gold":33300}
  ],
  [
    658,
    {"magic":99,"gold":33350}
  ],
  [
    659,
    {"magic":99,"gold":33400}
  ],
  [
    660,
    {"magic":99,"gold":33450}
  ],
  [
    661,
    {"magic":99,"gold":33500}
  ],
  [
    662,
    {"magic":100,"gold":33550}
  ],
  [
    663,
    {"magic":100,"gold":33600}
  ],
  [
    664,
    {"magic":100,"gold":33650}
  ],
  [
    665,
    {"magic":100,"gold":33700}
  ],
  [
    666,
    {"magic":100,"gold":33750}
  ],
  [
    667,
    {"magic":101,"gold":33800}
  ],
  [
    668,
    {"magic":101,"gold":33850}
  ],
  [
    669,
    {"magic":101,"gold":33900}
  ],
  [
    670,
    {"magic":101,"gold":33950}
  ],
  [
    671,
    {"magic":101,"gold":34000}
  ],
  [
    672,
    {"magic":102,"gold":34050}
  ],
  [
    673,
    {"magic":102,"gold":34100}
  ],
  [
    674,
    {"magic":102,"gold":34150}
  ],
  [
    675,
    {"magic":102,"gold":34200}
  ],
  [
    676,
    {"magic":102,"gold":34250}
  ],
  [
    677,
    {"magic":103,"gold":34300}
  ],
  [
    678,
    {"magic":103,"gold":34350}
  ],
  [
    679,
    {"magic":103,"gold":34400}
  ],
  [
    680,
    {"magic":103,"gold":34450}
  ],
  [
    681,
    {"magic":103,"gold":34500}
  ],
  [
    682,
    {"magic":104,"gold":34550}
  ],
  [
    683,
    {"magic":104,"gold":34600}
  ],
  [
    684,
    {"magic":104,"gold":34650}
  ],
  [
    685,
    {"magic":104,"gold":34700}
  ],
  [
    686,
    {"magic":104,"gold":34750}
  ],
  [
    687,
    {"magic":105,"gold":34800}
  ],
  [
    688,
    {"magic":105,"gold":34850}
  ],
  [
    689,
    {"magic":105,"gold":34900}
  ],
  [
    690,
    {"magic":105,"gold":34950}
  ],
  [
    691,
    {"magic":105,"gold":35000}
  ],
  [
    692,
    {"magic":106,"gold":35050}
  ],
  [
    693,
    {"magic":106,"gold":35100}
  ],
  [
    694,
    {"magic":106,"gold":35150}
  ],
  [
    695,
    {"magic":106,"gold":35200}
  ],
  [
    696,
    {"magic":106,"gold":35250}
  ],
  [
    697,
    {"magic":107,"gold":35300}
  ],
  [
    698,
    {"magic":107,"gold":35350}
  ],
  [
    699,
    {"magic":107,"gold":35400}
  ],
  [
    700,
    {"magic":107,"gold":35450}
  ],
  [
    701,
    {"magic":107,"gold":35500}
  ],
  [
    702,
    {"magic":108,"gold":35550}
  ],
  [
    703,
    {"magic":108,"gold":35600}
  ],
  [
    704,
    {"magic":108,"gold":35650}
  ],
  [
    705,
    {"magic":108,"gold":35700}
  ],
  [
    706,
    {"magic":108,"gold":35750}
  ],
  [
    707,
    {"magic":109,"gold":35800}
  ],
  [
    708,
    {"magic":109,"gold":35850}
  ],
  [
    709,
    {"magic":109,"gold":35900}
  ],
  [
    710,
    {"magic":109,"gold":35950}
  ],
  [
    711,
    {"magic":109,"gold":36000}
  ],
  [
    712,
    {"magic":110,"gold":36050}
  ],
  [
    713,
    {"magic":110,"gold":36100}
  ],
  [
    714,
    {"magic":110,"gold":36150}
  ],
  [
    715,
    {"magic":110,"gold":36200}
  ],
  [
    716,
    {"magic":110,"gold":36250}
  ],
  [
    717,
    {"magic":111,"gold":36300}
  ],
  [
    718,
    {"magic":111,"gold":36350}
  ],
  [
    719,
    {"magic":111,"gold":36400}
  ],
  [
    720,
    {"magic":111,"gold":36450}
  ]
],
"max_id" : [720],
"time_list" : [1,
2,
3,
4,
5,
6,
7,
8,
9,
10,
11,
12,
13,
14,
15,
16,
17,
18,
19,
20,
21,
22,
23,
24,
25,
26,
27,
28,
29,
30,
31,
32,
33,
34,
35,
36,
37,
38,
39,
40,
41,
42,
43,
44,
45,
46,
47,
48,
49,
50,
51,
52,
53,
54,
55,
56,
57,
58,
59,
60,
61,
62,
63,
64,
65,
66,
67,
68,
69,
70,
71,
72,
73,
74,
75,
76,
77,
78,
79,
80,
81,
82,
83,
84,
85,
86,
87,
88,
89,
90,
91,
92,
93,
94,
95,
96,
97,
98,
99,
100,
101,
102,
103,
104,
105,
106,
107,
108,
109,
110,
111,
112,
113,
114,
115,
116,
117,
118,
119,
120,
121,
122,
123,
124,
125,
126,
127,
128,
129,
130,
131,
132,
133,
134,
135,
136,
137,
138,
139,
140,
141,
142,
143,
144,
145,
146,
147,
148,
149,
150,
151,
152,
153,
154,
155,
156,
157,
158,
159,
160,
161,
162,
163,
164,
165,
166,
167,
168,
169,
170,
171,
172,
173,
174,
175,
176,
177,
178,
179,
180,
181,
182,
183,
184,
185,
186,
187,
188,
189,
190,
191,
192,
193,
194,
195,
196,
197,
198,
199,
200,
201,
202,
203,
204,
205,
206,
207,
208,
209,
210,
211,
212,
213,
214,
215,
216,
217,
218,
219,
220,
221,
222,
223,
224,
225,
226,
227,
228,
229,
230,
231,
232,
233,
234,
235,
236,
237,
238,
239,
240,
241,
242,
243,
244,
245,
246,
247,
248,
249,
250,
251,
252,
253,
254,
255,
256,
257,
258,
259,
260,
261,
262,
263,
264,
265,
266,
267,
268,
269,
270,
271,
272,
273,
274,
275,
276,
277,
278,
279,
280,
281,
282,
283,
284,
285,
286,
287,
288,
289,
290,
291,
292,
293,
294,
295,
296,
297,
298,
299,
300,
301,
302,
303,
304,
305,
306,
307,
308,
309,
310,
311,
312,
313,
314,
315,
316,
317,
318,
319,
320,
321,
322,
323,
324,
325,
326,
327,
328,
329,
330,
331,
332,
333,
334,
335,
336,
337,
338,
339,
340,
341,
342,
343,
344,
345,
346,
347,
348,
349,
350,
351,
352,
353,
354,
355,
356,
357,
358,
359,
360,
361,
362,
363,
364,
365,
366,
367,
368,
369,
370,
371,
372,
373,
374,
375,
376,
377,
378,
379,
380,
381,
382,
383,
384,
385,
386,
387,
388,
389,
390,
391,
392,
393,
394,
395,
396,
397,
398,
399,
400,
401,
402,
403,
404,
405,
406,
407,
408,
409,
410,
411,
412,
413,
414,
415,
416,
417,
418,
419,
420,
421,
422,
423,
424,
425,
426,
427,
428,
429,
430,
431,
432,
433,
434,
435,
436,
437,
438,
439,
440,
441,
442,
443,
444,
445,
446,
447,
448,
449,
450,
451,
452,
453,
454,
455,
456,
457,
458,
459,
460,
461,
462,
463,
464,
465,
466,
467,
468,
469,
470,
471,
472,
473,
474,
475,
476,
477,
478,
479,
480,
481,
482,
483,
484,
485,
486,
487,
488,
489,
490,
491,
492,
493,
494,
495,
496,
497,
498,
499,
500,
501,
502,
503,
504,
505,
506,
507,
508,
509,
510,
511,
512,
513,
514,
515,
516,
517,
518,
519,
520,
521,
522,
523,
524,
525,
526,
527,
528,
529,
530,
531,
532,
533,
534,
535,
536,
537,
538,
539,
540,
541,
542,
543,
544,
545,
546,
547,
548,
549,
550,
551,
552,
553,
554,
555,
556,
557,
558,
559,
560,
561,
562,
563,
564,
565,
566,
567,
568,
569,
570,
571,
572,
573,
574,
575,
576,
577,
578,
579,
580,
581,
582,
583,
584,
585,
586,
587,
588,
589,
590,
591,
592,
593,
594,
595,
596,
597,
598,
599,
600,
601,
602,
603,
604,
605,
606,
607,
608,
609,
610,
611,
612,
613,
614,
615,
616,
617,
618,
619,
620,
621,
622,
623,
624,
625,
626,
627,
628,
629,
630,
631,
632,
633,
634,
635,
636,
637,
638,
639,
640,
641,
642,
643,
644,
645,
646,
647,
648,
649,
650,
651,
652,
653,
654,
655,
656,
657,
658,
659,
660,
661,
662,
663,
664,
665,
666,
667,
668,
669,
670,
671,
672,
673,
674,
675,
676,
677,
678,
679,
680,
681,
682,
683,
684,
685,
686,
687,
688,
689,
690,
691,
692,
693,
694,
695,
696,
697,
698,
699,
700,
701,
702,
703,
704,
705,
706,
707,
708,
709,
710,
711,
712,
713,
714,
715,
716,
717,
718,
719,
720]
}
