{
"key": [0,1],
"cols": ["id","lvl","nameId","property","icon","color"],
"vals": [
  [
    1,
    1,
    34508,
    {"5":40},
    "icon-9",
    "FB9393"
  ],
  [
    1,
    2,
    34508,
    {"5":80},
    "icon-9",
    "FB9393"
  ],
  [
    1,
    3,
    34508,
    {"5":120},
    "icon-9",
    "FB9393"
  ],
  [
    1,
    4,
    34508,
    {"5":160},
    "icon-9",
    "FB9393"
  ],
  [
    1,
    5,
    34508,
    {"5":200},
    "icon-9",
    "FB9393"
  ],
  [
    1,
    6,
    34508,
    {"5":240},
    "icon-9",
    "FB9393"
  ],
  [
    1,
    7,
    34508,
    {"5":280},
    "icon-9",
    "FB9393"
  ],
  [
    1,
    8,
    34508,
    {"5":320},
    "icon-9",
    "FB9393"
  ],
  [
    1,
    9,
    34508,
    {"5":360},
    "icon-9",
    "FB9393"
  ],
  [
    1,
    10,
    34508,
    {"5":400},
    "icon-9",
    "FB9393"
  ],
  [
    1,
    11,
    34508,
    {"5":440},
    "icon-9",
    "FB9393"
  ],
  [
    1,
    12,
    34508,
    {"5":480},
    "icon-9",
    "FB9393"
  ],
  [
    1,
    13,
    34508,
    {"5":520},
    "icon-9",
    "FB9393"
  ],
  [
    1,
    14,
    34508,
    {"5":560},
    "icon-9",
    "FB9393"
  ],
  [
    1,
    15,
    34508,
    {"5":600},
    "icon-9",
    "FB9393"
  ],
  [
    1,
    16,
    34508,
    {"5":640},
    "icon-9",
    "FB9393"
  ],
  [
    1,
    17,
    34508,
    {"5":680},
    "icon-9",
    "FB9393"
  ],
  [
    1,
    18,
    34508,
    {"5":720},
    "icon-9",
    "FB9393"
  ],
  [
    1,
    19,
    34508,
    {"5":760},
    "icon-9",
    "FB9393"
  ],
  [
    1,
    20,
    34508,
    {"5":800},
    "icon-9",
    "FB9393"
  ],
  [
    1,
    21,
    34508,
    {"5":840},
    "icon-9",
    "FB9393"
  ],
  [
    1,
    22,
    34508,
    {"5":880},
    "icon-9",
    "FB9393"
  ],
  [
    1,
    23,
    34508,
    {"5":920},
    "icon-9",
    "FB9393"
  ],
  [
    1,
    24,
    34508,
    {"5":960},
    "icon-9",
    "FB9393"
  ],
  [
    1,
    25,
    34508,
    {"5":1000},
    "icon-9",
    "FB9393"
  ],
  [
    1,
    26,
    34508,
    {"5":1040},
    "icon-9",
    "FB9393"
  ],
  [
    1,
    27,
    34508,
    {"5":1080},
    "icon-9",
    "FB9393"
  ],
  [
    1,
    28,
    34508,
    {"5":1120},
    "icon-9",
    "FB9393"
  ],
  [
    1,
    29,
    34508,
    {"5":1160},
    "icon-9",
    "FB9393"
  ],
  [
    1,
    30,
    34508,
    {"5":1200},
    "icon-9",
    "FB9393"
  ],
  [
    1,
    31,
    34508,
    {"5":1240},
    "icon-9",
    "FB9393"
  ],
  [
    1,
    32,
    34508,
    {"5":1280},
    "icon-9",
    "FB9393"
  ],
  [
    1,
    33,
    34508,
    {"5":1320},
    "icon-9",
    "FB9393"
  ],
  [
    1,
    34,
    34508,
    {"5":1360},
    "icon-9",
    "FB9393"
  ],
  [
    1,
    35,
    34508,
    {"5":1400},
    "icon-9",
    "FB9393"
  ],
  [
    1,
    36,
    34508,
    {"5":1440},
    "icon-9",
    "FB9393"
  ],
  [
    1,
    37,
    34508,
    {"5":1480},
    "icon-9",
    "FB9393"
  ],
  [
    1,
    38,
    34508,
    {"5":1520},
    "icon-9",
    "FB9393"
  ],
  [
    1,
    39,
    34508,
    {"5":1560},
    "icon-9",
    "FB9393"
  ],
  [
    1,
    40,
    34508,
    {"5":1600},
    "icon-9",
    "FB9393"
  ],
  [
    1,
    41,
    34508,
    {"5":1640},
    "icon-9",
    "FB9393"
  ],
  [
    1,
    42,
    34508,
    {"5":1680},
    "icon-9",
    "FB9393"
  ],
  [
    1,
    43,
    34508,
    {"5":1720},
    "icon-9",
    "FB9393"
  ],
  [
    1,
    44,
    34508,
    {"5":1760},
    "icon-9",
    "FB9393"
  ],
  [
    1,
    45,
    34508,
    {"5":1800},
    "icon-9",
    "FB9393"
  ],
  [
    1,
    46,
    34508,
    {"5":1840},
    "icon-9",
    "FB9393"
  ],
  [
    1,
    47,
    34508,
    {"5":1880},
    "icon-9",
    "FB9393"
  ],
  [
    1,
    48,
    34508,
    {"5":1920},
    "icon-9",
    "FB9393"
  ],
  [
    1,
    49,
    34508,
    {"5":1960},
    "icon-9",
    "FB9393"
  ],
  [
    1,
    50,
    34508,
    {"5":2000},
    "icon-9",
    "FB9393"
  ],
  [
    1,
    51,
    34508,
    {"5":2040},
    "icon-9",
    "FB9393"
  ],
  [
    1,
    52,
    34508,
    {"5":2080},
    "icon-9",
    "FB9393"
  ],
  [
    1,
    53,
    34508,
    {"5":2120},
    "icon-9",
    "FB9393"
  ],
  [
    1,
    54,
    34508,
    {"5":2160},
    "icon-9",
    "FB9393"
  ],
  [
    1,
    55,
    34508,
    {"5":2200},
    "icon-9",
    "FB9393"
  ],
  [
    1,
    56,
    34508,
    {"5":2240},
    "icon-9",
    "FB9393"
  ],
  [
    1,
    57,
    34508,
    {"5":2280},
    "icon-9",
    "FB9393"
  ],
  [
    1,
    58,
    34508,
    {"5":2320},
    "icon-9",
    "FB9393"
  ],
  [
    1,
    59,
    34508,
    {"5":2360},
    "icon-9",
    "FB9393"
  ],
  [
    1,
    60,
    34508,
    {"5":2400},
    "icon-9",
    "FB9393"
  ],
  [
    1,
    61,
    34508,
    {"5":2440},
    "icon-9",
    "FB9393"
  ],
  [
    1,
    62,
    34508,
    {"5":2480},
    "icon-9",
    "FB9393"
  ],
  [
    1,
    63,
    34508,
    {"5":2520},
    "icon-9",
    "FB9393"
  ],
  [
    1,
    64,
    34508,
    {"5":2560},
    "icon-9",
    "FB9393"
  ],
  [
    1,
    65,
    34508,
    {"5":2600},
    "icon-9",
    "FB9393"
  ],
  [
    1,
    66,
    34508,
    {"5":2640},
    "icon-9",
    "FB9393"
  ],
  [
    1,
    67,
    34508,
    {"5":2680},
    "icon-9",
    "FB9393"
  ],
  [
    1,
    68,
    34508,
    {"5":2720},
    "icon-9",
    "FB9393"
  ],
  [
    1,
    69,
    34508,
    {"5":2760},
    "icon-9",
    "FB9393"
  ],
  [
    1,
    70,
    34508,
    {"5":2800},
    "icon-9",
    "FB9393"
  ],
  [
    1,
    71,
    34508,
    {"5":2840},
    "icon-9",
    "FB9393"
  ],
  [
    1,
    72,
    34508,
    {"5":2880},
    "icon-9",
    "FB9393"
  ],
  [
    1,
    73,
    34508,
    {"5":2920},
    "icon-9",
    "FB9393"
  ],
  [
    1,
    74,
    34508,
    {"5":2960},
    "icon-9",
    "FB9393"
  ],
  [
    1,
    75,
    34508,
    {"5":3000},
    "icon-9",
    "FB9393"
  ],
  [
    1,
    76,
    34508,
    {"5":3040},
    "icon-9",
    "FB9393"
  ],
  [
    1,
    77,
    34508,
    {"5":3080},
    "icon-9",
    "FB9393"
  ],
  [
    1,
    78,
    34508,
    {"5":3120},
    "icon-9",
    "FB9393"
  ],
  [
    1,
    79,
    34508,
    {"5":3160},
    "icon-9",
    "FB9393"
  ],
  [
    1,
    80,
    34508,
    {"5":3200},
    "icon-9",
    "FB9393"
  ],
  [
    2,
    1,
    34500,
    {"11":40},
    "icon-1",
    "FB9393"
  ],
  [
    2,
    2,
    34500,
    {"11":80},
    "icon-1",
    "FB9393"
  ],
  [
    2,
    3,
    34500,
    {"11":120},
    "icon-1",
    "FB9393"
  ],
  [
    2,
    4,
    34500,
    {"11":160},
    "icon-1",
    "FB9393"
  ],
  [
    2,
    5,
    34500,
    {"11":200},
    "icon-1",
    "FB9393"
  ],
  [
    2,
    6,
    34500,
    {"11":240},
    "icon-1",
    "FB9393"
  ],
  [
    2,
    7,
    34500,
    {"11":280},
    "icon-1",
    "FB9393"
  ],
  [
    2,
    8,
    34500,
    {"11":320},
    "icon-1",
    "FB9393"
  ],
  [
    2,
    9,
    34500,
    {"11":360},
    "icon-1",
    "FB9393"
  ],
  [
    2,
    10,
    34500,
    {"11":400},
    "icon-1",
    "FB9393"
  ],
  [
    2,
    11,
    34500,
    {"11":440},
    "icon-1",
    "FB9393"
  ],
  [
    2,
    12,
    34500,
    {"11":480},
    "icon-1",
    "FB9393"
  ],
  [
    2,
    13,
    34500,
    {"11":520},
    "icon-1",
    "FB9393"
  ],
  [
    2,
    14,
    34500,
    {"11":560},
    "icon-1",
    "FB9393"
  ],
  [
    2,
    15,
    34500,
    {"11":600},
    "icon-1",
    "FB9393"
  ],
  [
    2,
    16,
    34500,
    {"11":640},
    "icon-1",
    "FB9393"
  ],
  [
    2,
    17,
    34500,
    {"11":680},
    "icon-1",
    "FB9393"
  ],
  [
    2,
    18,
    34500,
    {"11":720},
    "icon-1",
    "FB9393"
  ],
  [
    2,
    19,
    34500,
    {"11":760},
    "icon-1",
    "FB9393"
  ],
  [
    2,
    20,
    34500,
    {"11":800},
    "icon-1",
    "FB9393"
  ],
  [
    2,
    21,
    34500,
    {"11":840},
    "icon-1",
    "FB9393"
  ],
  [
    2,
    22,
    34500,
    {"11":880},
    "icon-1",
    "FB9393"
  ],
  [
    2,
    23,
    34500,
    {"11":920},
    "icon-1",
    "FB9393"
  ],
  [
    2,
    24,
    34500,
    {"11":960},
    "icon-1",
    "FB9393"
  ],
  [
    2,
    25,
    34500,
    {"11":1000},
    "icon-1",
    "FB9393"
  ],
  [
    2,
    26,
    34500,
    {"11":1040},
    "icon-1",
    "FB9393"
  ],
  [
    2,
    27,
    34500,
    {"11":1080},
    "icon-1",
    "FB9393"
  ],
  [
    2,
    28,
    34500,
    {"11":1120},
    "icon-1",
    "FB9393"
  ],
  [
    2,
    29,
    34500,
    {"11":1160},
    "icon-1",
    "FB9393"
  ],
  [
    2,
    30,
    34500,
    {"11":1200},
    "icon-1",
    "FB9393"
  ],
  [
    2,
    31,
    34500,
    {"11":1240},
    "icon-1",
    "FB9393"
  ],
  [
    2,
    32,
    34500,
    {"11":1280},
    "icon-1",
    "FB9393"
  ],
  [
    2,
    33,
    34500,
    {"11":1320},
    "icon-1",
    "FB9393"
  ],
  [
    2,
    34,
    34500,
    {"11":1360},
    "icon-1",
    "FB9393"
  ],
  [
    2,
    35,
    34500,
    {"11":1400},
    "icon-1",
    "FB9393"
  ],
  [
    2,
    36,
    34500,
    {"11":1440},
    "icon-1",
    "FB9393"
  ],
  [
    2,
    37,
    34500,
    {"11":1480},
    "icon-1",
    "FB9393"
  ],
  [
    2,
    38,
    34500,
    {"11":1520},
    "icon-1",
    "FB9393"
  ],
  [
    2,
    39,
    34500,
    {"11":1560},
    "icon-1",
    "FB9393"
  ],
  [
    2,
    40,
    34500,
    {"11":1600},
    "icon-1",
    "FB9393"
  ],
  [
    2,
    41,
    34500,
    {"11":1640},
    "icon-1",
    "FB9393"
  ],
  [
    2,
    42,
    34500,
    {"11":1680},
    "icon-1",
    "FB9393"
  ],
  [
    2,
    43,
    34500,
    {"11":1720},
    "icon-1",
    "FB9393"
  ],
  [
    2,
    44,
    34500,
    {"11":1760},
    "icon-1",
    "FB9393"
  ],
  [
    2,
    45,
    34500,
    {"11":1800},
    "icon-1",
    "FB9393"
  ],
  [
    2,
    46,
    34500,
    {"11":1840},
    "icon-1",
    "FB9393"
  ],
  [
    2,
    47,
    34500,
    {"11":1880},
    "icon-1",
    "FB9393"
  ],
  [
    2,
    48,
    34500,
    {"11":1920},
    "icon-1",
    "FB9393"
  ],
  [
    2,
    49,
    34500,
    {"11":1960},
    "icon-1",
    "FB9393"
  ],
  [
    2,
    50,
    34500,
    {"11":2000},
    "icon-1",
    "FB9393"
  ],
  [
    2,
    51,
    34500,
    {"11":2040},
    "icon-1",
    "FB9393"
  ],
  [
    2,
    52,
    34500,
    {"11":2080},
    "icon-1",
    "FB9393"
  ],
  [
    2,
    53,
    34500,
    {"11":2120},
    "icon-1",
    "FB9393"
  ],
  [
    2,
    54,
    34500,
    {"11":2160},
    "icon-1",
    "FB9393"
  ],
  [
    2,
    55,
    34500,
    {"11":2200},
    "icon-1",
    "FB9393"
  ],
  [
    2,
    56,
    34500,
    {"11":2240},
    "icon-1",
    "FB9393"
  ],
  [
    2,
    57,
    34500,
    {"11":2280},
    "icon-1",
    "FB9393"
  ],
  [
    2,
    58,
    34500,
    {"11":2320},
    "icon-1",
    "FB9393"
  ],
  [
    2,
    59,
    34500,
    {"11":2360},
    "icon-1",
    "FB9393"
  ],
  [
    2,
    60,
    34500,
    {"11":2400},
    "icon-1",
    "FB9393"
  ],
  [
    2,
    61,
    34500,
    {"11":2440},
    "icon-1",
    "FB9393"
  ],
  [
    2,
    62,
    34500,
    {"11":2480},
    "icon-1",
    "FB9393"
  ],
  [
    2,
    63,
    34500,
    {"11":2520},
    "icon-1",
    "FB9393"
  ],
  [
    2,
    64,
    34500,
    {"11":2560},
    "icon-1",
    "FB9393"
  ],
  [
    2,
    65,
    34500,
    {"11":2600},
    "icon-1",
    "FB9393"
  ],
  [
    2,
    66,
    34500,
    {"11":2640},
    "icon-1",
    "FB9393"
  ],
  [
    2,
    67,
    34500,
    {"11":2680},
    "icon-1",
    "FB9393"
  ],
  [
    2,
    68,
    34500,
    {"11":2720},
    "icon-1",
    "FB9393"
  ],
  [
    2,
    69,
    34500,
    {"11":2760},
    "icon-1",
    "FB9393"
  ],
  [
    2,
    70,
    34500,
    {"11":2800},
    "icon-1",
    "FB9393"
  ],
  [
    2,
    71,
    34500,
    {"11":2840},
    "icon-1",
    "FB9393"
  ],
  [
    2,
    72,
    34500,
    {"11":2880},
    "icon-1",
    "FB9393"
  ],
  [
    2,
    73,
    34500,
    {"11":2920},
    "icon-1",
    "FB9393"
  ],
  [
    2,
    74,
    34500,
    {"11":2960},
    "icon-1",
    "FB9393"
  ],
  [
    2,
    75,
    34500,
    {"11":3000},
    "icon-1",
    "FB9393"
  ],
  [
    2,
    76,
    34500,
    {"11":3040},
    "icon-1",
    "FB9393"
  ],
  [
    2,
    77,
    34500,
    {"11":3080},
    "icon-1",
    "FB9393"
  ],
  [
    2,
    78,
    34500,
    {"11":3120},
    "icon-1",
    "FB9393"
  ],
  [
    2,
    79,
    34500,
    {"11":3160},
    "icon-1",
    "FB9393"
  ],
  [
    2,
    80,
    34500,
    {"11":3200},
    "icon-1",
    "FB9393"
  ],
  [
    3,
    1,
    34506,
    {"12":40},
    "icon-7",
    "FFAB00"
  ],
  [
    3,
    2,
    34506,
    {"12":80},
    "icon-7",
    "FFAB00"
  ],
  [
    3,
    3,
    34506,
    {"12":120},
    "icon-7",
    "FFAB00"
  ],
  [
    3,
    4,
    34506,
    {"12":160},
    "icon-7",
    "FFAB00"
  ],
  [
    3,
    5,
    34506,
    {"12":200},
    "icon-7",
    "FFAB00"
  ],
  [
    3,
    6,
    34506,
    {"12":240},
    "icon-7",
    "FFAB00"
  ],
  [
    3,
    7,
    34506,
    {"12":280},
    "icon-7",
    "FFAB00"
  ],
  [
    3,
    8,
    34506,
    {"12":320},
    "icon-7",
    "FFAB00"
  ],
  [
    3,
    9,
    34506,
    {"12":360},
    "icon-7",
    "FFAB00"
  ],
  [
    3,
    10,
    34506,
    {"12":400},
    "icon-7",
    "FFAB00"
  ],
  [
    3,
    11,
    34506,
    {"12":440},
    "icon-7",
    "FFAB00"
  ],
  [
    3,
    12,
    34506,
    {"12":480},
    "icon-7",
    "FFAB00"
  ],
  [
    3,
    13,
    34506,
    {"12":520},
    "icon-7",
    "FFAB00"
  ],
  [
    3,
    14,
    34506,
    {"12":560},
    "icon-7",
    "FFAB00"
  ],
  [
    3,
    15,
    34506,
    {"12":600},
    "icon-7",
    "FFAB00"
  ],
  [
    3,
    16,
    34506,
    {"12":640},
    "icon-7",
    "FFAB00"
  ],
  [
    3,
    17,
    34506,
    {"12":680},
    "icon-7",
    "FFAB00"
  ],
  [
    3,
    18,
    34506,
    {"12":720},
    "icon-7",
    "FFAB00"
  ],
  [
    3,
    19,
    34506,
    {"12":760},
    "icon-7",
    "FFAB00"
  ],
  [
    3,
    20,
    34506,
    {"12":800},
    "icon-7",
    "FFAB00"
  ],
  [
    3,
    21,
    34506,
    {"12":840},
    "icon-7",
    "FFAB00"
  ],
  [
    3,
    22,
    34506,
    {"12":880},
    "icon-7",
    "FFAB00"
  ],
  [
    3,
    23,
    34506,
    {"12":920},
    "icon-7",
    "FFAB00"
  ],
  [
    3,
    24,
    34506,
    {"12":960},
    "icon-7",
    "FFAB00"
  ],
  [
    3,
    25,
    34506,
    {"12":1000},
    "icon-7",
    "FFAB00"
  ],
  [
    3,
    26,
    34506,
    {"12":1040},
    "icon-7",
    "FFAB00"
  ],
  [
    3,
    27,
    34506,
    {"12":1080},
    "icon-7",
    "FFAB00"
  ],
  [
    3,
    28,
    34506,
    {"12":1120},
    "icon-7",
    "FFAB00"
  ],
  [
    3,
    29,
    34506,
    {"12":1160},
    "icon-7",
    "FFAB00"
  ],
  [
    3,
    30,
    34506,
    {"12":1200},
    "icon-7",
    "FFAB00"
  ],
  [
    3,
    31,
    34506,
    {"12":1240},
    "icon-7",
    "FFAB00"
  ],
  [
    3,
    32,
    34506,
    {"12":1280},
    "icon-7",
    "FFAB00"
  ],
  [
    3,
    33,
    34506,
    {"12":1320},
    "icon-7",
    "FFAB00"
  ],
  [
    3,
    34,
    34506,
    {"12":1360},
    "icon-7",
    "FFAB00"
  ],
  [
    3,
    35,
    34506,
    {"12":1400},
    "icon-7",
    "FFAB00"
  ],
  [
    3,
    36,
    34506,
    {"12":1440},
    "icon-7",
    "FFAB00"
  ],
  [
    3,
    37,
    34506,
    {"12":1480},
    "icon-7",
    "FFAB00"
  ],
  [
    3,
    38,
    34506,
    {"12":1520},
    "icon-7",
    "FFAB00"
  ],
  [
    3,
    39,
    34506,
    {"12":1560},
    "icon-7",
    "FFAB00"
  ],
  [
    3,
    40,
    34506,
    {"12":1600},
    "icon-7",
    "FFAB00"
  ],
  [
    3,
    41,
    34506,
    {"12":1640},
    "icon-7",
    "FFAB00"
  ],
  [
    3,
    42,
    34506,
    {"12":1680},
    "icon-7",
    "FFAB00"
  ],
  [
    3,
    43,
    34506,
    {"12":1720},
    "icon-7",
    "FFAB00"
  ],
  [
    3,
    44,
    34506,
    {"12":1760},
    "icon-7",
    "FFAB00"
  ],
  [
    3,
    45,
    34506,
    {"12":1800},
    "icon-7",
    "FFAB00"
  ],
  [
    3,
    46,
    34506,
    {"12":1840},
    "icon-7",
    "FFAB00"
  ],
  [
    3,
    47,
    34506,
    {"12":1880},
    "icon-7",
    "FFAB00"
  ],
  [
    3,
    48,
    34506,
    {"12":1920},
    "icon-7",
    "FFAB00"
  ],
  [
    3,
    49,
    34506,
    {"12":1960},
    "icon-7",
    "FFAB00"
  ],
  [
    3,
    50,
    34506,
    {"12":2000},
    "icon-7",
    "FFAB00"
  ],
  [
    3,
    51,
    34506,
    {"12":2040},
    "icon-7",
    "FFAB00"
  ],
  [
    3,
    52,
    34506,
    {"12":2080},
    "icon-7",
    "FFAB00"
  ],
  [
    3,
    53,
    34506,
    {"12":2120},
    "icon-7",
    "FFAB00"
  ],
  [
    3,
    54,
    34506,
    {"12":2160},
    "icon-7",
    "FFAB00"
  ],
  [
    3,
    55,
    34506,
    {"12":2200},
    "icon-7",
    "FFAB00"
  ],
  [
    3,
    56,
    34506,
    {"12":2240},
    "icon-7",
    "FFAB00"
  ],
  [
    3,
    57,
    34506,
    {"12":2280},
    "icon-7",
    "FFAB00"
  ],
  [
    3,
    58,
    34506,
    {"12":2320},
    "icon-7",
    "FFAB00"
  ],
  [
    3,
    59,
    34506,
    {"12":2360},
    "icon-7",
    "FFAB00"
  ],
  [
    3,
    60,
    34506,
    {"12":2400},
    "icon-7",
    "FFAB00"
  ],
  [
    3,
    61,
    34506,
    {"12":2440},
    "icon-7",
    "FFAB00"
  ],
  [
    3,
    62,
    34506,
    {"12":2480},
    "icon-7",
    "FFAB00"
  ],
  [
    3,
    63,
    34506,
    {"12":2520},
    "icon-7",
    "FFAB00"
  ],
  [
    3,
    64,
    34506,
    {"12":2560},
    "icon-7",
    "FFAB00"
  ],
  [
    3,
    65,
    34506,
    {"12":2600},
    "icon-7",
    "FFAB00"
  ],
  [
    3,
    66,
    34506,
    {"12":2640},
    "icon-7",
    "FFAB00"
  ],
  [
    3,
    67,
    34506,
    {"12":2680},
    "icon-7",
    "FFAB00"
  ],
  [
    3,
    68,
    34506,
    {"12":2720},
    "icon-7",
    "FFAB00"
  ],
  [
    3,
    69,
    34506,
    {"12":2760},
    "icon-7",
    "FFAB00"
  ],
  [
    3,
    70,
    34506,
    {"12":2800},
    "icon-7",
    "FFAB00"
  ],
  [
    3,
    71,
    34506,
    {"12":2840},
    "icon-7",
    "FFAB00"
  ],
  [
    3,
    72,
    34506,
    {"12":2880},
    "icon-7",
    "FFAB00"
  ],
  [
    3,
    73,
    34506,
    {"12":2920},
    "icon-7",
    "FFAB00"
  ],
  [
    3,
    74,
    34506,
    {"12":2960},
    "icon-7",
    "FFAB00"
  ],
  [
    3,
    75,
    34506,
    {"12":3000},
    "icon-7",
    "FFAB00"
  ],
  [
    3,
    76,
    34506,
    {"12":3040},
    "icon-7",
    "FFAB00"
  ],
  [
    3,
    77,
    34506,
    {"12":3080},
    "icon-7",
    "FFAB00"
  ],
  [
    3,
    78,
    34506,
    {"12":3120},
    "icon-7",
    "FFAB00"
  ],
  [
    3,
    79,
    34506,
    {"12":3160},
    "icon-7",
    "FFAB00"
  ],
  [
    3,
    80,
    34506,
    {"12":3200},
    "icon-7",
    "FFAB00"
  ],
  [
    4,
    1,
    34502,
    {"13":4},
    "icon-4",
    "90FF50"
  ],
  [
    4,
    2,
    34502,
    {"13":8},
    "icon-4",
    "90FF50"
  ],
  [
    4,
    3,
    34502,
    {"13":12},
    "icon-4",
    "90FF50"
  ],
  [
    4,
    4,
    34502,
    {"13":16},
    "icon-4",
    "90FF50"
  ],
  [
    4,
    5,
    34502,
    {"13":20},
    "icon-4",
    "90FF50"
  ],
  [
    4,
    6,
    34502,
    {"13":24},
    "icon-4",
    "90FF50"
  ],
  [
    4,
    7,
    34502,
    {"13":28},
    "icon-4",
    "90FF50"
  ],
  [
    4,
    8,
    34502,
    {"13":32},
    "icon-4",
    "90FF50"
  ],
  [
    4,
    9,
    34502,
    {"13":36},
    "icon-4",
    "90FF50"
  ],
  [
    4,
    10,
    34502,
    {"13":40},
    "icon-4",
    "90FF50"
  ],
  [
    4,
    11,
    34502,
    {"13":44},
    "icon-4",
    "90FF50"
  ],
  [
    4,
    12,
    34502,
    {"13":48},
    "icon-4",
    "90FF50"
  ],
  [
    4,
    13,
    34502,
    {"13":52},
    "icon-4",
    "90FF50"
  ],
  [
    4,
    14,
    34502,
    {"13":56},
    "icon-4",
    "90FF50"
  ],
  [
    4,
    15,
    34502,
    {"13":60},
    "icon-4",
    "90FF50"
  ],
  [
    4,
    16,
    34502,
    {"13":64},
    "icon-4",
    "90FF50"
  ],
  [
    4,
    17,
    34502,
    {"13":68},
    "icon-4",
    "90FF50"
  ],
  [
    4,
    18,
    34502,
    {"13":72},
    "icon-4",
    "90FF50"
  ],
  [
    4,
    19,
    34502,
    {"13":76},
    "icon-4",
    "90FF50"
  ],
  [
    4,
    20,
    34502,
    {"13":80},
    "icon-4",
    "90FF50"
  ],
  [
    4,
    21,
    34502,
    {"13":84},
    "icon-4",
    "90FF50"
  ],
  [
    4,
    22,
    34502,
    {"13":88},
    "icon-4",
    "90FF50"
  ],
  [
    4,
    23,
    34502,
    {"13":92},
    "icon-4",
    "90FF50"
  ],
  [
    4,
    24,
    34502,
    {"13":96},
    "icon-4",
    "90FF50"
  ],
  [
    4,
    25,
    34502,
    {"13":100},
    "icon-4",
    "90FF50"
  ],
  [
    4,
    26,
    34502,
    {"13":104},
    "icon-4",
    "90FF50"
  ],
  [
    4,
    27,
    34502,
    {"13":108},
    "icon-4",
    "90FF50"
  ],
  [
    4,
    28,
    34502,
    {"13":112},
    "icon-4",
    "90FF50"
  ],
  [
    4,
    29,
    34502,
    {"13":116},
    "icon-4",
    "90FF50"
  ],
  [
    4,
    30,
    34502,
    {"13":120},
    "icon-4",
    "90FF50"
  ],
  [
    4,
    31,
    34502,
    {"13":124},
    "icon-4",
    "90FF50"
  ],
  [
    4,
    32,
    34502,
    {"13":128},
    "icon-4",
    "90FF50"
  ],
  [
    4,
    33,
    34502,
    {"13":132},
    "icon-4",
    "90FF50"
  ],
  [
    4,
    34,
    34502,
    {"13":136},
    "icon-4",
    "90FF50"
  ],
  [
    4,
    35,
    34502,
    {"13":140},
    "icon-4",
    "90FF50"
  ],
  [
    4,
    36,
    34502,
    {"13":144},
    "icon-4",
    "90FF50"
  ],
  [
    4,
    37,
    34502,
    {"13":148},
    "icon-4",
    "90FF50"
  ],
  [
    4,
    38,
    34502,
    {"13":152},
    "icon-4",
    "90FF50"
  ],
  [
    4,
    39,
    34502,
    {"13":156},
    "icon-4",
    "90FF50"
  ],
  [
    4,
    40,
    34502,
    {"13":160},
    "icon-4",
    "90FF50"
  ],
  [
    4,
    41,
    34502,
    {"13":164},
    "icon-4",
    "90FF50"
  ],
  [
    4,
    42,
    34502,
    {"13":168},
    "icon-4",
    "90FF50"
  ],
  [
    4,
    43,
    34502,
    {"13":172},
    "icon-4",
    "90FF50"
  ],
  [
    4,
    44,
    34502,
    {"13":176},
    "icon-4",
    "90FF50"
  ],
  [
    4,
    45,
    34502,
    {"13":180},
    "icon-4",
    "90FF50"
  ],
  [
    4,
    46,
    34502,
    {"13":184},
    "icon-4",
    "90FF50"
  ],
  [
    4,
    47,
    34502,
    {"13":188},
    "icon-4",
    "90FF50"
  ],
  [
    4,
    48,
    34502,
    {"13":192},
    "icon-4",
    "90FF50"
  ],
  [
    4,
    49,
    34502,
    {"13":196},
    "icon-4",
    "90FF50"
  ],
  [
    4,
    50,
    34502,
    {"13":200},
    "icon-4",
    "90FF50"
  ],
  [
    4,
    51,
    34502,
    {"13":204},
    "icon-4",
    "90FF50"
  ],
  [
    4,
    52,
    34502,
    {"13":208},
    "icon-4",
    "90FF50"
  ],
  [
    4,
    53,
    34502,
    {"13":212},
    "icon-4",
    "90FF50"
  ],
  [
    4,
    54,
    34502,
    {"13":216},
    "icon-4",
    "90FF50"
  ],
  [
    4,
    55,
    34502,
    {"13":220},
    "icon-4",
    "90FF50"
  ],
  [
    4,
    56,
    34502,
    {"13":224},
    "icon-4",
    "90FF50"
  ],
  [
    4,
    57,
    34502,
    {"13":228},
    "icon-4",
    "90FF50"
  ],
  [
    4,
    58,
    34502,
    {"13":232},
    "icon-4",
    "90FF50"
  ],
  [
    4,
    59,
    34502,
    {"13":236},
    "icon-4",
    "90FF50"
  ],
  [
    4,
    60,
    34502,
    {"13":240},
    "icon-4",
    "90FF50"
  ],
  [
    4,
    61,
    34502,
    {"13":244},
    "icon-4",
    "90FF50"
  ],
  [
    4,
    62,
    34502,
    {"13":248},
    "icon-4",
    "90FF50"
  ],
  [
    4,
    63,
    34502,
    {"13":252},
    "icon-4",
    "90FF50"
  ],
  [
    4,
    64,
    34502,
    {"13":256},
    "icon-4",
    "90FF50"
  ],
  [
    4,
    65,
    34502,
    {"13":260},
    "icon-4",
    "90FF50"
  ],
  [
    4,
    66,
    34502,
    {"13":264},
    "icon-4",
    "90FF50"
  ],
  [
    4,
    67,
    34502,
    {"13":268},
    "icon-4",
    "90FF50"
  ],
  [
    4,
    68,
    34502,
    {"13":272},
    "icon-4",
    "90FF50"
  ],
  [
    4,
    69,
    34502,
    {"13":276},
    "icon-4",
    "90FF50"
  ],
  [
    4,
    70,
    34502,
    {"13":280},
    "icon-4",
    "90FF50"
  ],
  [
    4,
    71,
    34502,
    {"13":284},
    "icon-4",
    "90FF50"
  ],
  [
    4,
    72,
    34502,
    {"13":288},
    "icon-4",
    "90FF50"
  ],
  [
    4,
    73,
    34502,
    {"13":292},
    "icon-4",
    "90FF50"
  ],
  [
    4,
    74,
    34502,
    {"13":296},
    "icon-4",
    "90FF50"
  ],
  [
    4,
    75,
    34502,
    {"13":300},
    "icon-4",
    "90FF50"
  ],
  [
    4,
    76,
    34502,
    {"13":304},
    "icon-4",
    "90FF50"
  ],
  [
    4,
    77,
    34502,
    {"13":308},
    "icon-4",
    "90FF50"
  ],
  [
    4,
    78,
    34502,
    {"13":312},
    "icon-4",
    "90FF50"
  ],
  [
    4,
    79,
    34502,
    {"13":316},
    "icon-4",
    "90FF50"
  ],
  [
    4,
    80,
    34502,
    {"13":320},
    "icon-4",
    "90FF50"
  ],
  [
    5,
    1,
    34503,
    {"100":40},
    "icon-3",
    "FB9393"
  ],
  [
    5,
    2,
    34503,
    {"100":80},
    "icon-3",
    "FB9393"
  ],
  [
    5,
    3,
    34503,
    {"100":120},
    "icon-3",
    "FB9393"
  ],
  [
    5,
    4,
    34503,
    {"100":160},
    "icon-3",
    "FB9393"
  ],
  [
    5,
    5,
    34503,
    {"100":200},
    "icon-3",
    "FB9393"
  ],
  [
    5,
    6,
    34503,
    {"100":240},
    "icon-3",
    "FB9393"
  ],
  [
    5,
    7,
    34503,
    {"100":280},
    "icon-3",
    "FB9393"
  ],
  [
    5,
    8,
    34503,
    {"100":320},
    "icon-3",
    "FB9393"
  ],
  [
    5,
    9,
    34503,
    {"100":360},
    "icon-3",
    "FB9393"
  ],
  [
    5,
    10,
    34503,
    {"100":400},
    "icon-3",
    "FB9393"
  ],
  [
    5,
    11,
    34503,
    {"100":440},
    "icon-3",
    "FB9393"
  ],
  [
    5,
    12,
    34503,
    {"100":480},
    "icon-3",
    "FB9393"
  ],
  [
    5,
    13,
    34503,
    {"100":520},
    "icon-3",
    "FB9393"
  ],
  [
    5,
    14,
    34503,
    {"100":560},
    "icon-3",
    "FB9393"
  ],
  [
    5,
    15,
    34503,
    {"100":600},
    "icon-3",
    "FB9393"
  ],
  [
    5,
    16,
    34503,
    {"100":640},
    "icon-3",
    "FB9393"
  ],
  [
    5,
    17,
    34503,
    {"100":680},
    "icon-3",
    "FB9393"
  ],
  [
    5,
    18,
    34503,
    {"100":720},
    "icon-3",
    "FB9393"
  ],
  [
    5,
    19,
    34503,
    {"100":760},
    "icon-3",
    "FB9393"
  ],
  [
    5,
    20,
    34503,
    {"100":800},
    "icon-3",
    "FB9393"
  ],
  [
    5,
    21,
    34503,
    {"100":840},
    "icon-3",
    "FB9393"
  ],
  [
    5,
    22,
    34503,
    {"100":880},
    "icon-3",
    "FB9393"
  ],
  [
    5,
    23,
    34503,
    {"100":920},
    "icon-3",
    "FB9393"
  ],
  [
    5,
    24,
    34503,
    {"100":960},
    "icon-3",
    "FB9393"
  ],
  [
    5,
    25,
    34503,
    {"100":1000},
    "icon-3",
    "FB9393"
  ],
  [
    5,
    26,
    34503,
    {"100":1040},
    "icon-3",
    "FB9393"
  ],
  [
    5,
    27,
    34503,
    {"100":1080},
    "icon-3",
    "FB9393"
  ],
  [
    5,
    28,
    34503,
    {"100":1120},
    "icon-3",
    "FB9393"
  ],
  [
    5,
    29,
    34503,
    {"100":1160},
    "icon-3",
    "FB9393"
  ],
  [
    5,
    30,
    34503,
    {"100":1200},
    "icon-3",
    "FB9393"
  ],
  [
    5,
    31,
    34503,
    {"100":1240},
    "icon-3",
    "FB9393"
  ],
  [
    5,
    32,
    34503,
    {"100":1280},
    "icon-3",
    "FB9393"
  ],
  [
    5,
    33,
    34503,
    {"100":1320},
    "icon-3",
    "FB9393"
  ],
  [
    5,
    34,
    34503,
    {"100":1360},
    "icon-3",
    "FB9393"
  ],
  [
    5,
    35,
    34503,
    {"100":1400},
    "icon-3",
    "FB9393"
  ],
  [
    5,
    36,
    34503,
    {"100":1440},
    "icon-3",
    "FB9393"
  ],
  [
    5,
    37,
    34503,
    {"100":1480},
    "icon-3",
    "FB9393"
  ],
  [
    5,
    38,
    34503,
    {"100":1520},
    "icon-3",
    "FB9393"
  ],
  [
    5,
    39,
    34503,
    {"100":1560},
    "icon-3",
    "FB9393"
  ],
  [
    5,
    40,
    34503,
    {"100":1600},
    "icon-3",
    "FB9393"
  ],
  [
    5,
    41,
    34503,
    {"100":1640},
    "icon-3",
    "FB9393"
  ],
  [
    5,
    42,
    34503,
    {"100":1680},
    "icon-3",
    "FB9393"
  ],
  [
    5,
    43,
    34503,
    {"100":1720},
    "icon-3",
    "FB9393"
  ],
  [
    5,
    44,
    34503,
    {"100":1760},
    "icon-3",
    "FB9393"
  ],
  [
    5,
    45,
    34503,
    {"100":1800},
    "icon-3",
    "FB9393"
  ],
  [
    5,
    46,
    34503,
    {"100":1840},
    "icon-3",
    "FB9393"
  ],
  [
    5,
    47,
    34503,
    {"100":1880},
    "icon-3",
    "FB9393"
  ],
  [
    5,
    48,
    34503,
    {"100":1920},
    "icon-3",
    "FB9393"
  ],
  [
    5,
    49,
    34503,
    {"100":1960},
    "icon-3",
    "FB9393"
  ],
  [
    5,
    50,
    34503,
    {"100":2000},
    "icon-3",
    "FB9393"
  ],
  [
    5,
    51,
    34503,
    {"100":2040},
    "icon-3",
    "FB9393"
  ],
  [
    5,
    52,
    34503,
    {"100":2080},
    "icon-3",
    "FB9393"
  ],
  [
    5,
    53,
    34503,
    {"100":2120},
    "icon-3",
    "FB9393"
  ],
  [
    5,
    54,
    34503,
    {"100":2160},
    "icon-3",
    "FB9393"
  ],
  [
    5,
    55,
    34503,
    {"100":2200},
    "icon-3",
    "FB9393"
  ],
  [
    5,
    56,
    34503,
    {"100":2240},
    "icon-3",
    "FB9393"
  ],
  [
    5,
    57,
    34503,
    {"100":2280},
    "icon-3",
    "FB9393"
  ],
  [
    5,
    58,
    34503,
    {"100":2320},
    "icon-3",
    "FB9393"
  ],
  [
    5,
    59,
    34503,
    {"100":2360},
    "icon-3",
    "FB9393"
  ],
  [
    5,
    60,
    34503,
    {"100":2400},
    "icon-3",
    "FB9393"
  ],
  [
    5,
    61,
    34503,
    {"100":2440},
    "icon-3",
    "FB9393"
  ],
  [
    5,
    62,
    34503,
    {"100":2480},
    "icon-3",
    "FB9393"
  ],
  [
    5,
    63,
    34503,
    {"100":2520},
    "icon-3",
    "FB9393"
  ],
  [
    5,
    64,
    34503,
    {"100":2560},
    "icon-3",
    "FB9393"
  ],
  [
    5,
    65,
    34503,
    {"100":2600},
    "icon-3",
    "FB9393"
  ],
  [
    5,
    66,
    34503,
    {"100":2640},
    "icon-3",
    "FB9393"
  ],
  [
    5,
    67,
    34503,
    {"100":2680},
    "icon-3",
    "FB9393"
  ],
  [
    5,
    68,
    34503,
    {"100":2720},
    "icon-3",
    "FB9393"
  ],
  [
    5,
    69,
    34503,
    {"100":2760},
    "icon-3",
    "FB9393"
  ],
  [
    5,
    70,
    34503,
    {"100":2800},
    "icon-3",
    "FB9393"
  ],
  [
    5,
    71,
    34503,
    {"100":2840},
    "icon-3",
    "FB9393"
  ],
  [
    5,
    72,
    34503,
    {"100":2880},
    "icon-3",
    "FB9393"
  ],
  [
    5,
    73,
    34503,
    {"100":2920},
    "icon-3",
    "FB9393"
  ],
  [
    5,
    74,
    34503,
    {"100":2960},
    "icon-3",
    "FB9393"
  ],
  [
    5,
    75,
    34503,
    {"100":3000},
    "icon-3",
    "FB9393"
  ],
  [
    5,
    76,
    34503,
    {"100":3040},
    "icon-3",
    "FB9393"
  ],
  [
    5,
    77,
    34503,
    {"100":3080},
    "icon-3",
    "FB9393"
  ],
  [
    5,
    78,
    34503,
    {"100":3120},
    "icon-3",
    "FB9393"
  ],
  [
    5,
    79,
    34503,
    {"100":3160},
    "icon-3",
    "FB9393"
  ],
  [
    5,
    80,
    34503,
    {"100":3200},
    "icon-3",
    "FB9393"
  ],
  [
    6,
    1,
    34501,
    {"101":40},
    "icon-2",
    "3BF1FF"
  ],
  [
    6,
    2,
    34501,
    {"101":80},
    "icon-2",
    "3BF1FF"
  ],
  [
    6,
    3,
    34501,
    {"101":120},
    "icon-2",
    "3BF1FF"
  ],
  [
    6,
    4,
    34501,
    {"101":160},
    "icon-2",
    "3BF1FF"
  ],
  [
    6,
    5,
    34501,
    {"101":200},
    "icon-2",
    "3BF1FF"
  ],
  [
    6,
    6,
    34501,
    {"101":240},
    "icon-2",
    "3BF1FF"
  ],
  [
    6,
    7,
    34501,
    {"101":280},
    "icon-2",
    "3BF1FF"
  ],
  [
    6,
    8,
    34501,
    {"101":320},
    "icon-2",
    "3BF1FF"
  ],
  [
    6,
    9,
    34501,
    {"101":360},
    "icon-2",
    "3BF1FF"
  ],
  [
    6,
    10,
    34501,
    {"101":400},
    "icon-2",
    "3BF1FF"
  ],
  [
    6,
    11,
    34501,
    {"101":440},
    "icon-2",
    "3BF1FF"
  ],
  [
    6,
    12,
    34501,
    {"101":480},
    "icon-2",
    "3BF1FF"
  ],
  [
    6,
    13,
    34501,
    {"101":520},
    "icon-2",
    "3BF1FF"
  ],
  [
    6,
    14,
    34501,
    {"101":560},
    "icon-2",
    "3BF1FF"
  ],
  [
    6,
    15,
    34501,
    {"101":600},
    "icon-2",
    "3BF1FF"
  ],
  [
    6,
    16,
    34501,
    {"101":640},
    "icon-2",
    "3BF1FF"
  ],
  [
    6,
    17,
    34501,
    {"101":680},
    "icon-2",
    "3BF1FF"
  ],
  [
    6,
    18,
    34501,
    {"101":720},
    "icon-2",
    "3BF1FF"
  ],
  [
    6,
    19,
    34501,
    {"101":760},
    "icon-2",
    "3BF1FF"
  ],
  [
    6,
    20,
    34501,
    {"101":800},
    "icon-2",
    "3BF1FF"
  ],
  [
    6,
    21,
    34501,
    {"101":840},
    "icon-2",
    "3BF1FF"
  ],
  [
    6,
    22,
    34501,
    {"101":880},
    "icon-2",
    "3BF1FF"
  ],
  [
    6,
    23,
    34501,
    {"101":920},
    "icon-2",
    "3BF1FF"
  ],
  [
    6,
    24,
    34501,
    {"101":960},
    "icon-2",
    "3BF1FF"
  ],
  [
    6,
    25,
    34501,
    {"101":1000},
    "icon-2",
    "3BF1FF"
  ],
  [
    6,
    26,
    34501,
    {"101":1040},
    "icon-2",
    "3BF1FF"
  ],
  [
    6,
    27,
    34501,
    {"101":1080},
    "icon-2",
    "3BF1FF"
  ],
  [
    6,
    28,
    34501,
    {"101":1120},
    "icon-2",
    "3BF1FF"
  ],
  [
    6,
    29,
    34501,
    {"101":1160},
    "icon-2",
    "3BF1FF"
  ],
  [
    6,
    30,
    34501,
    {"101":1200},
    "icon-2",
    "3BF1FF"
  ],
  [
    6,
    31,
    34501,
    {"101":1240},
    "icon-2",
    "3BF1FF"
  ],
  [
    6,
    32,
    34501,
    {"101":1280},
    "icon-2",
    "3BF1FF"
  ],
  [
    6,
    33,
    34501,
    {"101":1320},
    "icon-2",
    "3BF1FF"
  ],
  [
    6,
    34,
    34501,
    {"101":1360},
    "icon-2",
    "3BF1FF"
  ],
  [
    6,
    35,
    34501,
    {"101":1400},
    "icon-2",
    "3BF1FF"
  ],
  [
    6,
    36,
    34501,
    {"101":1440},
    "icon-2",
    "3BF1FF"
  ],
  [
    6,
    37,
    34501,
    {"101":1480},
    "icon-2",
    "3BF1FF"
  ],
  [
    6,
    38,
    34501,
    {"101":1520},
    "icon-2",
    "3BF1FF"
  ],
  [
    6,
    39,
    34501,
    {"101":1560},
    "icon-2",
    "3BF1FF"
  ],
  [
    6,
    40,
    34501,
    {"101":1600},
    "icon-2",
    "3BF1FF"
  ],
  [
    6,
    41,
    34501,
    {"101":1640},
    "icon-2",
    "3BF1FF"
  ],
  [
    6,
    42,
    34501,
    {"101":1680},
    "icon-2",
    "3BF1FF"
  ],
  [
    6,
    43,
    34501,
    {"101":1720},
    "icon-2",
    "3BF1FF"
  ],
  [
    6,
    44,
    34501,
    {"101":1760},
    "icon-2",
    "3BF1FF"
  ],
  [
    6,
    45,
    34501,
    {"101":1800},
    "icon-2",
    "3BF1FF"
  ],
  [
    6,
    46,
    34501,
    {"101":1840},
    "icon-2",
    "3BF1FF"
  ],
  [
    6,
    47,
    34501,
    {"101":1880},
    "icon-2",
    "3BF1FF"
  ],
  [
    6,
    48,
    34501,
    {"101":1920},
    "icon-2",
    "3BF1FF"
  ],
  [
    6,
    49,
    34501,
    {"101":1960},
    "icon-2",
    "3BF1FF"
  ],
  [
    6,
    50,
    34501,
    {"101":2000},
    "icon-2",
    "3BF1FF"
  ],
  [
    6,
    51,
    34501,
    {"101":2040},
    "icon-2",
    "3BF1FF"
  ],
  [
    6,
    52,
    34501,
    {"101":2080},
    "icon-2",
    "3BF1FF"
  ],
  [
    6,
    53,
    34501,
    {"101":2120},
    "icon-2",
    "3BF1FF"
  ],
  [
    6,
    54,
    34501,
    {"101":2160},
    "icon-2",
    "3BF1FF"
  ],
  [
    6,
    55,
    34501,
    {"101":2200},
    "icon-2",
    "3BF1FF"
  ],
  [
    6,
    56,
    34501,
    {"101":2240},
    "icon-2",
    "3BF1FF"
  ],
  [
    6,
    57,
    34501,
    {"101":2280},
    "icon-2",
    "3BF1FF"
  ],
  [
    6,
    58,
    34501,
    {"101":2320},
    "icon-2",
    "3BF1FF"
  ],
  [
    6,
    59,
    34501,
    {"101":2360},
    "icon-2",
    "3BF1FF"
  ],
  [
    6,
    60,
    34501,
    {"101":2400},
    "icon-2",
    "3BF1FF"
  ],
  [
    6,
    61,
    34501,
    {"101":2440},
    "icon-2",
    "3BF1FF"
  ],
  [
    6,
    62,
    34501,
    {"101":2480},
    "icon-2",
    "3BF1FF"
  ],
  [
    6,
    63,
    34501,
    {"101":2520},
    "icon-2",
    "3BF1FF"
  ],
  [
    6,
    64,
    34501,
    {"101":2560},
    "icon-2",
    "3BF1FF"
  ],
  [
    6,
    65,
    34501,
    {"101":2600},
    "icon-2",
    "3BF1FF"
  ],
  [
    6,
    66,
    34501,
    {"101":2640},
    "icon-2",
    "3BF1FF"
  ],
  [
    6,
    67,
    34501,
    {"101":2680},
    "icon-2",
    "3BF1FF"
  ],
  [
    6,
    68,
    34501,
    {"101":2720},
    "icon-2",
    "3BF1FF"
  ],
  [
    6,
    69,
    34501,
    {"101":2760},
    "icon-2",
    "3BF1FF"
  ],
  [
    6,
    70,
    34501,
    {"101":2800},
    "icon-2",
    "3BF1FF"
  ],
  [
    6,
    71,
    34501,
    {"101":2840},
    "icon-2",
    "3BF1FF"
  ],
  [
    6,
    72,
    34501,
    {"101":2880},
    "icon-2",
    "3BF1FF"
  ],
  [
    6,
    73,
    34501,
    {"101":2920},
    "icon-2",
    "3BF1FF"
  ],
  [
    6,
    74,
    34501,
    {"101":2960},
    "icon-2",
    "3BF1FF"
  ],
  [
    6,
    75,
    34501,
    {"101":3000},
    "icon-2",
    "3BF1FF"
  ],
  [
    6,
    76,
    34501,
    {"101":3040},
    "icon-2",
    "3BF1FF"
  ],
  [
    6,
    77,
    34501,
    {"101":3080},
    "icon-2",
    "3BF1FF"
  ],
  [
    6,
    78,
    34501,
    {"101":3120},
    "icon-2",
    "3BF1FF"
  ],
  [
    6,
    79,
    34501,
    {"101":3160},
    "icon-2",
    "3BF1FF"
  ],
  [
    6,
    80,
    34501,
    {"101":3200},
    "icon-2",
    "3BF1FF"
  ],
  [
    7,
    1,
    34505,
    {"102":111},
    "icon-6",
    "F7FF00"
  ],
  [
    7,
    2,
    34505,
    {"102":222},
    "icon-6",
    "F7FF00"
  ],
  [
    7,
    3,
    34505,
    {"102":333},
    "icon-6",
    "F7FF00"
  ],
  [
    7,
    4,
    34505,
    {"102":444},
    "icon-6",
    "F7FF00"
  ],
  [
    7,
    5,
    34505,
    {"102":555},
    "icon-6",
    "F7FF00"
  ],
  [
    7,
    6,
    34505,
    {"102":666},
    "icon-6",
    "F7FF00"
  ],
  [
    7,
    7,
    34505,
    {"102":777},
    "icon-6",
    "F7FF00"
  ],
  [
    7,
    8,
    34505,
    {"102":888},
    "icon-6",
    "F7FF00"
  ],
  [
    7,
    9,
    34505,
    {"102":999},
    "icon-6",
    "F7FF00"
  ],
  [
    7,
    10,
    34505,
    {"102":1110},
    "icon-6",
    "F7FF00"
  ],
  [
    7,
    11,
    34505,
    {"102":1221},
    "icon-6",
    "F7FF00"
  ],
  [
    7,
    12,
    34505,
    {"102":1332},
    "icon-6",
    "F7FF00"
  ],
  [
    7,
    13,
    34505,
    {"102":1443},
    "icon-6",
    "F7FF00"
  ],
  [
    7,
    14,
    34505,
    {"102":1554},
    "icon-6",
    "F7FF00"
  ],
  [
    7,
    15,
    34505,
    {"102":1665},
    "icon-6",
    "F7FF00"
  ],
  [
    7,
    16,
    34505,
    {"102":1776},
    "icon-6",
    "F7FF00"
  ],
  [
    7,
    17,
    34505,
    {"102":1887},
    "icon-6",
    "F7FF00"
  ],
  [
    7,
    18,
    34505,
    {"102":1998},
    "icon-6",
    "F7FF00"
  ],
  [
    7,
    19,
    34505,
    {"102":2109},
    "icon-6",
    "F7FF00"
  ],
  [
    7,
    20,
    34505,
    {"102":2220},
    "icon-6",
    "F7FF00"
  ],
  [
    7,
    21,
    34505,
    {"102":2331},
    "icon-6",
    "F7FF00"
  ],
  [
    7,
    22,
    34505,
    {"102":2442},
    "icon-6",
    "F7FF00"
  ],
  [
    7,
    23,
    34505,
    {"102":2553},
    "icon-6",
    "F7FF00"
  ],
  [
    7,
    24,
    34505,
    {"102":2664},
    "icon-6",
    "F7FF00"
  ],
  [
    7,
    25,
    34505,
    {"102":2775},
    "icon-6",
    "F7FF00"
  ],
  [
    7,
    26,
    34505,
    {"102":2886},
    "icon-6",
    "F7FF00"
  ],
  [
    7,
    27,
    34505,
    {"102":2997},
    "icon-6",
    "F7FF00"
  ],
  [
    7,
    28,
    34505,
    {"102":3108},
    "icon-6",
    "F7FF00"
  ],
  [
    7,
    29,
    34505,
    {"102":3219},
    "icon-6",
    "F7FF00"
  ],
  [
    7,
    30,
    34505,
    {"102":3330},
    "icon-6",
    "F7FF00"
  ],
  [
    7,
    31,
    34505,
    {"102":3441},
    "icon-6",
    "F7FF00"
  ],
  [
    7,
    32,
    34505,
    {"102":3552},
    "icon-6",
    "F7FF00"
  ],
  [
    7,
    33,
    34505,
    {"102":3663},
    "icon-6",
    "F7FF00"
  ],
  [
    7,
    34,
    34505,
    {"102":3774},
    "icon-6",
    "F7FF00"
  ],
  [
    7,
    35,
    34505,
    {"102":3885},
    "icon-6",
    "F7FF00"
  ],
  [
    7,
    36,
    34505,
    {"102":3996},
    "icon-6",
    "F7FF00"
  ],
  [
    7,
    37,
    34505,
    {"102":4107},
    "icon-6",
    "F7FF00"
  ],
  [
    7,
    38,
    34505,
    {"102":4218},
    "icon-6",
    "F7FF00"
  ],
  [
    7,
    39,
    34505,
    {"102":4329},
    "icon-6",
    "F7FF00"
  ],
  [
    7,
    40,
    34505,
    {"102":4440},
    "icon-6",
    "F7FF00"
  ],
  [
    7,
    41,
    34505,
    {"102":4551},
    "icon-6",
    "F7FF00"
  ],
  [
    7,
    42,
    34505,
    {"102":4662},
    "icon-6",
    "F7FF00"
  ],
  [
    7,
    43,
    34505,
    {"102":4773},
    "icon-6",
    "F7FF00"
  ],
  [
    7,
    44,
    34505,
    {"102":4884},
    "icon-6",
    "F7FF00"
  ],
  [
    7,
    45,
    34505,
    {"102":4995},
    "icon-6",
    "F7FF00"
  ],
  [
    7,
    46,
    34505,
    {"102":5106},
    "icon-6",
    "F7FF00"
  ],
  [
    7,
    47,
    34505,
    {"102":5217},
    "icon-6",
    "F7FF00"
  ],
  [
    7,
    48,
    34505,
    {"102":5328},
    "icon-6",
    "F7FF00"
  ],
  [
    7,
    49,
    34505,
    {"102":5439},
    "icon-6",
    "F7FF00"
  ],
  [
    7,
    50,
    34505,
    {"102":5550},
    "icon-6",
    "F7FF00"
  ],
  [
    7,
    51,
    34505,
    {"102":5661},
    "icon-6",
    "F7FF00"
  ],
  [
    7,
    52,
    34505,
    {"102":5772},
    "icon-6",
    "F7FF00"
  ],
  [
    7,
    53,
    34505,
    {"102":5883},
    "icon-6",
    "F7FF00"
  ],
  [
    7,
    54,
    34505,
    {"102":5994},
    "icon-6",
    "F7FF00"
  ],
  [
    7,
    55,
    34505,
    {"102":6105},
    "icon-6",
    "F7FF00"
  ],
  [
    7,
    56,
    34505,
    {"102":6216},
    "icon-6",
    "F7FF00"
  ],
  [
    7,
    57,
    34505,
    {"102":6327},
    "icon-6",
    "F7FF00"
  ],
  [
    7,
    58,
    34505,
    {"102":6438},
    "icon-6",
    "F7FF00"
  ],
  [
    7,
    59,
    34505,
    {"102":6549},
    "icon-6",
    "F7FF00"
  ],
  [
    7,
    60,
    34505,
    {"102":6660},
    "icon-6",
    "F7FF00"
  ],
  [
    7,
    61,
    34505,
    {"102":6771},
    "icon-6",
    "F7FF00"
  ],
  [
    7,
    62,
    34505,
    {"102":6882},
    "icon-6",
    "F7FF00"
  ],
  [
    7,
    63,
    34505,
    {"102":6993},
    "icon-6",
    "F7FF00"
  ],
  [
    7,
    64,
    34505,
    {"102":7104},
    "icon-6",
    "F7FF00"
  ],
  [
    7,
    65,
    34505,
    {"102":7215},
    "icon-6",
    "F7FF00"
  ],
  [
    7,
    66,
    34505,
    {"102":7326},
    "icon-6",
    "F7FF00"
  ],
  [
    7,
    67,
    34505,
    {"102":7437},
    "icon-6",
    "F7FF00"
  ],
  [
    7,
    68,
    34505,
    {"102":7548},
    "icon-6",
    "F7FF00"
  ],
  [
    7,
    69,
    34505,
    {"102":7659},
    "icon-6",
    "F7FF00"
  ],
  [
    7,
    70,
    34505,
    {"102":7770},
    "icon-6",
    "F7FF00"
  ],
  [
    7,
    71,
    34505,
    {"102":7881},
    "icon-6",
    "F7FF00"
  ],
  [
    7,
    72,
    34505,
    {"102":7992},
    "icon-6",
    "F7FF00"
  ],
  [
    7,
    73,
    34505,
    {"102":8103},
    "icon-6",
    "F7FF00"
  ],
  [
    7,
    74,
    34505,
    {"102":8214},
    "icon-6",
    "F7FF00"
  ],
  [
    7,
    75,
    34505,
    {"102":8325},
    "icon-6",
    "F7FF00"
  ],
  [
    7,
    76,
    34505,
    {"102":8436},
    "icon-6",
    "F7FF00"
  ],
  [
    7,
    77,
    34505,
    {"102":8547},
    "icon-6",
    "F7FF00"
  ],
  [
    7,
    78,
    34505,
    {"102":8658},
    "icon-6",
    "F7FF00"
  ],
  [
    7,
    79,
    34505,
    {"102":8769},
    "icon-6",
    "F7FF00"
  ],
  [
    7,
    80,
    34505,
    {"102":8880},
    "icon-6",
    "F7FF00"
  ],
  [
    8,
    1,
    34507,
    {"104":111},
    "icon-8",
    "FFAB00"
  ],
  [
    8,
    2,
    34507,
    {"104":222},
    "icon-8",
    "FFAB00"
  ],
  [
    8,
    3,
    34507,
    {"104":333},
    "icon-8",
    "FFAB00"
  ],
  [
    8,
    4,
    34507,
    {"104":444},
    "icon-8",
    "FFAB00"
  ],
  [
    8,
    5,
    34507,
    {"104":555},
    "icon-8",
    "FFAB00"
  ],
  [
    8,
    6,
    34507,
    {"104":666},
    "icon-8",
    "FFAB00"
  ],
  [
    8,
    7,
    34507,
    {"104":777},
    "icon-8",
    "FFAB00"
  ],
  [
    8,
    8,
    34507,
    {"104":888},
    "icon-8",
    "FFAB00"
  ],
  [
    8,
    9,
    34507,
    {"104":999},
    "icon-8",
    "FFAB00"
  ],
  [
    8,
    10,
    34507,
    {"104":1110},
    "icon-8",
    "FFAB00"
  ],
  [
    8,
    11,
    34507,
    {"104":1221},
    "icon-8",
    "FFAB00"
  ],
  [
    8,
    12,
    34507,
    {"104":1332},
    "icon-8",
    "FFAB00"
  ],
  [
    8,
    13,
    34507,
    {"104":1443},
    "icon-8",
    "FFAB00"
  ],
  [
    8,
    14,
    34507,
    {"104":1554},
    "icon-8",
    "FFAB00"
  ],
  [
    8,
    15,
    34507,
    {"104":1665},
    "icon-8",
    "FFAB00"
  ],
  [
    8,
    16,
    34507,
    {"104":1776},
    "icon-8",
    "FFAB00"
  ],
  [
    8,
    17,
    34507,
    {"104":1887},
    "icon-8",
    "FFAB00"
  ],
  [
    8,
    18,
    34507,
    {"104":1998},
    "icon-8",
    "FFAB00"
  ],
  [
    8,
    19,
    34507,
    {"104":2109},
    "icon-8",
    "FFAB00"
  ],
  [
    8,
    20,
    34507,
    {"104":2220},
    "icon-8",
    "FFAB00"
  ],
  [
    8,
    21,
    34507,
    {"104":2331},
    "icon-8",
    "FFAB00"
  ],
  [
    8,
    22,
    34507,
    {"104":2442},
    "icon-8",
    "FFAB00"
  ],
  [
    8,
    23,
    34507,
    {"104":2553},
    "icon-8",
    "FFAB00"
  ],
  [
    8,
    24,
    34507,
    {"104":2664},
    "icon-8",
    "FFAB00"
  ],
  [
    8,
    25,
    34507,
    {"104":2775},
    "icon-8",
    "FFAB00"
  ],
  [
    8,
    26,
    34507,
    {"104":2886},
    "icon-8",
    "FFAB00"
  ],
  [
    8,
    27,
    34507,
    {"104":2997},
    "icon-8",
    "FFAB00"
  ],
  [
    8,
    28,
    34507,
    {"104":3108},
    "icon-8",
    "FFAB00"
  ],
  [
    8,
    29,
    34507,
    {"104":3219},
    "icon-8",
    "FFAB00"
  ],
  [
    8,
    30,
    34507,
    {"104":3330},
    "icon-8",
    "FFAB00"
  ],
  [
    8,
    31,
    34507,
    {"104":3441},
    "icon-8",
    "FFAB00"
  ],
  [
    8,
    32,
    34507,
    {"104":3552},
    "icon-8",
    "FFAB00"
  ],
  [
    8,
    33,
    34507,
    {"104":3663},
    "icon-8",
    "FFAB00"
  ],
  [
    8,
    34,
    34507,
    {"104":3774},
    "icon-8",
    "FFAB00"
  ],
  [
    8,
    35,
    34507,
    {"104":3885},
    "icon-8",
    "FFAB00"
  ],
  [
    8,
    36,
    34507,
    {"104":3996},
    "icon-8",
    "FFAB00"
  ],
  [
    8,
    37,
    34507,
    {"104":4107},
    "icon-8",
    "FFAB00"
  ],
  [
    8,
    38,
    34507,
    {"104":4218},
    "icon-8",
    "FFAB00"
  ],
  [
    8,
    39,
    34507,
    {"104":4329},
    "icon-8",
    "FFAB00"
  ],
  [
    8,
    40,
    34507,
    {"104":4440},
    "icon-8",
    "FFAB00"
  ],
  [
    8,
    41,
    34507,
    {"104":4551},
    "icon-8",
    "FFAB00"
  ],
  [
    8,
    42,
    34507,
    {"104":4662},
    "icon-8",
    "FFAB00"
  ],
  [
    8,
    43,
    34507,
    {"104":4773},
    "icon-8",
    "FFAB00"
  ],
  [
    8,
    44,
    34507,
    {"104":4884},
    "icon-8",
    "FFAB00"
  ],
  [
    8,
    45,
    34507,
    {"104":4995},
    "icon-8",
    "FFAB00"
  ],
  [
    8,
    46,
    34507,
    {"104":5106},
    "icon-8",
    "FFAB00"
  ],
  [
    8,
    47,
    34507,
    {"104":5217},
    "icon-8",
    "FFAB00"
  ],
  [
    8,
    48,
    34507,
    {"104":5328},
    "icon-8",
    "FFAB00"
  ],
  [
    8,
    49,
    34507,
    {"104":5439},
    "icon-8",
    "FFAB00"
  ],
  [
    8,
    50,
    34507,
    {"104":5550},
    "icon-8",
    "FFAB00"
  ],
  [
    8,
    51,
    34507,
    {"104":5661},
    "icon-8",
    "FFAB00"
  ],
  [
    8,
    52,
    34507,
    {"104":5772},
    "icon-8",
    "FFAB00"
  ],
  [
    8,
    53,
    34507,
    {"104":5883},
    "icon-8",
    "FFAB00"
  ],
  [
    8,
    54,
    34507,
    {"104":5994},
    "icon-8",
    "FFAB00"
  ],
  [
    8,
    55,
    34507,
    {"104":6105},
    "icon-8",
    "FFAB00"
  ],
  [
    8,
    56,
    34507,
    {"104":6216},
    "icon-8",
    "FFAB00"
  ],
  [
    8,
    57,
    34507,
    {"104":6327},
    "icon-8",
    "FFAB00"
  ],
  [
    8,
    58,
    34507,
    {"104":6438},
    "icon-8",
    "FFAB00"
  ],
  [
    8,
    59,
    34507,
    {"104":6549},
    "icon-8",
    "FFAB00"
  ],
  [
    8,
    60,
    34507,
    {"104":6660},
    "icon-8",
    "FFAB00"
  ],
  [
    8,
    61,
    34507,
    {"104":6771},
    "icon-8",
    "FFAB00"
  ],
  [
    8,
    62,
    34507,
    {"104":6882},
    "icon-8",
    "FFAB00"
  ],
  [
    8,
    63,
    34507,
    {"104":6993},
    "icon-8",
    "FFAB00"
  ],
  [
    8,
    64,
    34507,
    {"104":7104},
    "icon-8",
    "FFAB00"
  ],
  [
    8,
    65,
    34507,
    {"104":7215},
    "icon-8",
    "FFAB00"
  ],
  [
    8,
    66,
    34507,
    {"104":7326},
    "icon-8",
    "FFAB00"
  ],
  [
    8,
    67,
    34507,
    {"104":7437},
    "icon-8",
    "FFAB00"
  ],
  [
    8,
    68,
    34507,
    {"104":7548},
    "icon-8",
    "FFAB00"
  ],
  [
    8,
    69,
    34507,
    {"104":7659},
    "icon-8",
    "FFAB00"
  ],
  [
    8,
    70,
    34507,
    {"104":7770},
    "icon-8",
    "FFAB00"
  ],
  [
    8,
    71,
    34507,
    {"104":7881},
    "icon-8",
    "FFAB00"
  ],
  [
    8,
    72,
    34507,
    {"104":7992},
    "icon-8",
    "FFAB00"
  ],
  [
    8,
    73,
    34507,
    {"104":8103},
    "icon-8",
    "FFAB00"
  ],
  [
    8,
    74,
    34507,
    {"104":8214},
    "icon-8",
    "FFAB00"
  ],
  [
    8,
    75,
    34507,
    {"104":8325},
    "icon-8",
    "FFAB00"
  ],
  [
    8,
    76,
    34507,
    {"104":8436},
    "icon-8",
    "FFAB00"
  ],
  [
    8,
    77,
    34507,
    {"104":8547},
    "icon-8",
    "FFAB00"
  ],
  [
    8,
    78,
    34507,
    {"104":8658},
    "icon-8",
    "FFAB00"
  ],
  [
    8,
    79,
    34507,
    {"104":8769},
    "icon-8",
    "FFAB00"
  ],
  [
    8,
    80,
    34507,
    {"104":8880},
    "icon-8",
    "FFAB00"
  ],
  [
    9,
    1,
    34504,
    {"105":40},
    "icon-5",
    "F7FF00"
  ],
  [
    9,
    2,
    34504,
    {"105":80},
    "icon-5",
    "F7FF00"
  ],
  [
    9,
    3,
    34504,
    {"105":120},
    "icon-5",
    "F7FF00"
  ],
  [
    9,
    4,
    34504,
    {"105":160},
    "icon-5",
    "F7FF00"
  ],
  [
    9,
    5,
    34504,
    {"105":200},
    "icon-5",
    "F7FF00"
  ],
  [
    9,
    6,
    34504,
    {"105":240},
    "icon-5",
    "F7FF00"
  ],
  [
    9,
    7,
    34504,
    {"105":280},
    "icon-5",
    "F7FF00"
  ],
  [
    9,
    8,
    34504,
    {"105":320},
    "icon-5",
    "F7FF00"
  ],
  [
    9,
    9,
    34504,
    {"105":360},
    "icon-5",
    "F7FF00"
  ],
  [
    9,
    10,
    34504,
    {"105":400},
    "icon-5",
    "F7FF00"
  ],
  [
    9,
    11,
    34504,
    {"105":440},
    "icon-5",
    "F7FF00"
  ],
  [
    9,
    12,
    34504,
    {"105":480},
    "icon-5",
    "F7FF00"
  ],
  [
    9,
    13,
    34504,
    {"105":520},
    "icon-5",
    "F7FF00"
  ],
  [
    9,
    14,
    34504,
    {"105":560},
    "icon-5",
    "F7FF00"
  ],
  [
    9,
    15,
    34504,
    {"105":600},
    "icon-5",
    "F7FF00"
  ],
  [
    9,
    16,
    34504,
    {"105":640},
    "icon-5",
    "F7FF00"
  ],
  [
    9,
    17,
    34504,
    {"105":680},
    "icon-5",
    "F7FF00"
  ],
  [
    9,
    18,
    34504,
    {"105":720},
    "icon-5",
    "F7FF00"
  ],
  [
    9,
    19,
    34504,
    {"105":760},
    "icon-5",
    "F7FF00"
  ],
  [
    9,
    20,
    34504,
    {"105":800},
    "icon-5",
    "F7FF00"
  ],
  [
    9,
    21,
    34504,
    {"105":840},
    "icon-5",
    "F7FF00"
  ],
  [
    9,
    22,
    34504,
    {"105":880},
    "icon-5",
    "F7FF00"
  ],
  [
    9,
    23,
    34504,
    {"105":920},
    "icon-5",
    "F7FF00"
  ],
  [
    9,
    24,
    34504,
    {"105":960},
    "icon-5",
    "F7FF00"
  ],
  [
    9,
    25,
    34504,
    {"105":1000},
    "icon-5",
    "F7FF00"
  ],
  [
    9,
    26,
    34504,
    {"105":1040},
    "icon-5",
    "F7FF00"
  ],
  [
    9,
    27,
    34504,
    {"105":1080},
    "icon-5",
    "F7FF00"
  ],
  [
    9,
    28,
    34504,
    {"105":1120},
    "icon-5",
    "F7FF00"
  ],
  [
    9,
    29,
    34504,
    {"105":1160},
    "icon-5",
    "F7FF00"
  ],
  [
    9,
    30,
    34504,
    {"105":1200},
    "icon-5",
    "F7FF00"
  ],
  [
    9,
    31,
    34504,
    {"105":1240},
    "icon-5",
    "F7FF00"
  ],
  [
    9,
    32,
    34504,
    {"105":1280},
    "icon-5",
    "F7FF00"
  ],
  [
    9,
    33,
    34504,
    {"105":1320},
    "icon-5",
    "F7FF00"
  ],
  [
    9,
    34,
    34504,
    {"105":1360},
    "icon-5",
    "F7FF00"
  ],
  [
    9,
    35,
    34504,
    {"105":1400},
    "icon-5",
    "F7FF00"
  ],
  [
    9,
    36,
    34504,
    {"105":1440},
    "icon-5",
    "F7FF00"
  ],
  [
    9,
    37,
    34504,
    {"105":1480},
    "icon-5",
    "F7FF00"
  ],
  [
    9,
    38,
    34504,
    {"105":1520},
    "icon-5",
    "F7FF00"
  ],
  [
    9,
    39,
    34504,
    {"105":1560},
    "icon-5",
    "F7FF00"
  ],
  [
    9,
    40,
    34504,
    {"105":1600},
    "icon-5",
    "F7FF00"
  ],
  [
    9,
    41,
    34504,
    {"105":1640},
    "icon-5",
    "F7FF00"
  ],
  [
    9,
    42,
    34504,
    {"105":1680},
    "icon-5",
    "F7FF00"
  ],
  [
    9,
    43,
    34504,
    {"105":1720},
    "icon-5",
    "F7FF00"
  ],
  [
    9,
    44,
    34504,
    {"105":1760},
    "icon-5",
    "F7FF00"
  ],
  [
    9,
    45,
    34504,
    {"105":1800},
    "icon-5",
    "F7FF00"
  ],
  [
    9,
    46,
    34504,
    {"105":1840},
    "icon-5",
    "F7FF00"
  ],
  [
    9,
    47,
    34504,
    {"105":1880},
    "icon-5",
    "F7FF00"
  ],
  [
    9,
    48,
    34504,
    {"105":1920},
    "icon-5",
    "F7FF00"
  ],
  [
    9,
    49,
    34504,
    {"105":1960},
    "icon-5",
    "F7FF00"
  ],
  [
    9,
    50,
    34504,
    {"105":2000},
    "icon-5",
    "F7FF00"
  ],
  [
    9,
    51,
    34504,
    {"105":2040},
    "icon-5",
    "F7FF00"
  ],
  [
    9,
    52,
    34504,
    {"105":2080},
    "icon-5",
    "F7FF00"
  ],
  [
    9,
    53,
    34504,
    {"105":2120},
    "icon-5",
    "F7FF00"
  ],
  [
    9,
    54,
    34504,
    {"105":2160},
    "icon-5",
    "F7FF00"
  ],
  [
    9,
    55,
    34504,
    {"105":2200},
    "icon-5",
    "F7FF00"
  ],
  [
    9,
    56,
    34504,
    {"105":2240},
    "icon-5",
    "F7FF00"
  ],
  [
    9,
    57,
    34504,
    {"105":2280},
    "icon-5",
    "F7FF00"
  ],
  [
    9,
    58,
    34504,
    {"105":2320},
    "icon-5",
    "F7FF00"
  ],
  [
    9,
    59,
    34504,
    {"105":2360},
    "icon-5",
    "F7FF00"
  ],
  [
    9,
    60,
    34504,
    {"105":2400},
    "icon-5",
    "F7FF00"
  ],
  [
    9,
    61,
    34504,
    {"105":2440},
    "icon-5",
    "F7FF00"
  ],
  [
    9,
    62,
    34504,
    {"105":2480},
    "icon-5",
    "F7FF00"
  ],
  [
    9,
    63,
    34504,
    {"105":2520},
    "icon-5",
    "F7FF00"
  ],
  [
    9,
    64,
    34504,
    {"105":2560},
    "icon-5",
    "F7FF00"
  ],
  [
    9,
    65,
    34504,
    {"105":2600},
    "icon-5",
    "F7FF00"
  ],
  [
    9,
    66,
    34504,
    {"105":2640},
    "icon-5",
    "F7FF00"
  ],
  [
    9,
    67,
    34504,
    {"105":2680},
    "icon-5",
    "F7FF00"
  ],
  [
    9,
    68,
    34504,
    {"105":2720},
    "icon-5",
    "F7FF00"
  ],
  [
    9,
    69,
    34504,
    {"105":2760},
    "icon-5",
    "F7FF00"
  ],
  [
    9,
    70,
    34504,
    {"105":2800},
    "icon-5",
    "F7FF00"
  ],
  [
    9,
    71,
    34504,
    {"105":2840},
    "icon-5",
    "F7FF00"
  ],
  [
    9,
    72,
    34504,
    {"105":2880},
    "icon-5",
    "F7FF00"
  ],
  [
    9,
    73,
    34504,
    {"105":2920},
    "icon-5",
    "F7FF00"
  ],
  [
    9,
    74,
    34504,
    {"105":2960},
    "icon-5",
    "F7FF00"
  ],
  [
    9,
    75,
    34504,
    {"105":3000},
    "icon-5",
    "F7FF00"
  ],
  [
    9,
    76,
    34504,
    {"105":3040},
    "icon-5",
    "F7FF00"
  ],
  [
    9,
    77,
    34504,
    {"105":3080},
    "icon-5",
    "F7FF00"
  ],
  [
    9,
    78,
    34504,
    {"105":3120},
    "icon-5",
    "F7FF00"
  ],
  [
    9,
    79,
    34504,
    {"105":3160},
    "icon-5",
    "F7FF00"
  ],
  [
    9,
    80,
    34504,
    {"105":3200},
    "icon-5",
    "F7FF00"
  ]
],
"lvl_list" : {"1": 80,
"2": 80,
"3": 80,
"4": 80,
"5": 80,
"6": 80,
"7": 80,
"8": 80,
"9": 80},
"id_list" : [1,
2,
3,
4,
5,
6,
7,
8,
9]
}
