{
"key": [0,1],
"cols": ["id","channelId","slotId"],
"vals": [
  [
    1,
    15,
    923843439
  ],
  [
    2,
    15,
    923843540
  ],
  [
    3,
    15,
    923843348
  ],
  [
    4,
    15,
    923843807
  ],
  [
    5,
    15,
    923843807
  ],
  [
    6,
    15,
    923843807
  ],
  [
    7,
    15,
    923843540
  ],
  [
    8,
    15,
    923843540
  ],
  [
    9,
    15,
    923843540
  ],
  [
    10,
    15,
    923843540
  ],
  [
    11,
    15,
    923843455
  ],
  [
    12,
    15,
    923843807
  ],
  [
    13,
    15,
    923843540
  ],
  [
    14,
    15,
    923843455
  ],
  [
    15,
    15,
    923843540
  ],
  [
    16,
    15,
    923843348
  ],
  [
    17,
    15,
    923843559
  ],
  [
    18,
    15,
    923843540
  ],
  [
    19,
    15,
    923843455
  ],
  [
    20,
    15,
    923843559
  ],
  [
    21,
    15,
    923843540
  ],
  [
    22,
    15,
    923843540
  ],
  [
    23,
    15,
    923843348
  ],
  [
    24,
    15,
    923843121
  ],
  [
    25,
    15,
    923843540
  ],
  [
    26,
    15,
    923843540
  ],
  [
    27,
    15,
    923843439
  ],
  [
    28,
    15,
    923843540
  ],
  [
    29,
    15,
    923843540
  ],
  [
    102,
    15,
    923843540
  ],
  [
    103,
    15,
    923843540
  ]
],
"slot_list" : {"15": [923843121,923843348,923843439,923843455,923843540,923843559,923843807]}
}
