{
"key": [0],
"cols": ["id","nameId","type","display","lockLvl","price","icon","descId","property","useObj","lockDay"],
"vals": [
  [
    101,
    6300,
    1,
    1,
    0,
    0,
    "weaopn_01",
    6350,
    {},
    1,
    0
  ],
  [
    102,
    6301,
    2,
    1,
    6,
    500,
    "weaopn_02",
    6351,
    {"2":87},
    1,
    0
  ],
  [
    103,
    6302,
    1,
    1,
    16,
    9000,
    "weaopn_03",
    6352,
    {"2":220,"11":800},
    1,
    0
  ],
  [
    104,
    6303,
    2,
    1,
    21,
    9000,
    "weaopn_15",
    6353,
    {"2":550},
    1,
    0
  ],
  [
    105,
    6304,
    1,
    1,
    25,
    18000,
    "weaopn_14",
    6354,
    {"2":404,"11":1100},
    1,
    0
  ],
  [
    106,
    6305,
    2,
    1,
    30,
    18000,
    "weaopn_13",
    6355,
    {"2":1008},
    1,
    0
  ],
  [
    107,
    6306,
    1,
    1,
    35,
    36000,
    "weaopn_05",
    6356,
    {"2":646,"11":1500},
    1,
    0
  ],
  [
    108,
    6307,
    2,
    1,
    40,
    36000,
    "weaopn_11",
    6357,
    {"2":1615},
    1,
    0
  ],
  [
    109,
    6308,
    1,
    1,
    45,
    60000,
    "weaopn_10",
    6358,
    {"2":1124,"11":2000},
    1,
    0
  ],
  [
    110,
    6309,
    2,
    1,
    50,
    60000,
    "weaopn_09",
    6359,
    {"2":2808},
    1,
    0
  ],
  [
    111,
    6310,
    2,
    1,
    7,
    0,
    "weaopn_16",
    6360,
    {"2":120,"11":500},
    1,
    2
  ],
  [
    112,
    6311,
    2,
    1,
    7,
    0,
    "weaopn_17",
    6361,
    {"2":300,"11":950},
    1,
    0
  ],
  [
    201,
    6300,
    1,
    0,
    0,
    0,
    "weaopn_01",
    6350,
    {},
    2,
    0
  ],
  [
    202,
    6301,
    2,
    0,
    0,
    0,
    "weaopn_02",
    6351,
    {},
    2,
    0
  ],
  [
    203,
    6302,
    1,
    0,
    0,
    0,
    "weaopn_03",
    6352,
    {},
    2,
    0
  ],
  [
    204,
    6303,
    2,
    0,
    0,
    0,
    "weaopn_15",
    6353,
    {},
    2,
    0
  ],
  [
    205,
    6304,
    1,
    0,
    0,
    0,
    "weaopn_14",
    6354,
    {},
    2,
    0
  ],
  [
    206,
    6305,
    2,
    0,
    0,
    0,
    "weaopn_13",
    6355,
    {},
    2,
    0
  ],
  [
    207,
    6306,
    1,
    0,
    0,
    0,
    "weaopn_05",
    6356,
    {},
    2,
    0
  ],
  [
    208,
    6307,
    2,
    0,
    0,
    0,
    "weaopn_11",
    6357,
    {},
    2,
    0
  ],
  [
    209,
    6308,
    1,
    0,
    0,
    0,
    "weaopn_10",
    6358,
    {},
    2,
    0
  ],
  [
    210,
    6309,
    2,
    0,
    0,
    0,
    "weaopn_09",
    6359,
    {},
    2,
    0
  ],
  [
    211,
    6310,
    2,
    0,
    0,
    0,
    "weaopn_16",
    6360,
    {},
    2,
    0
  ]
],
"id_list" : [101,
102,
103,
104,
105,
106,
107,
108,
109,
110,
111,
112,
201,
202,
203,
204,
205,
206,
207,
208,
209,
210,
211],
"use_obj_id" : {"1": [101,112,111,110,109,108,107,106,105,104,103,102],
"2": [207,208,209,210,206,205,204,203,202,201,211]}
}
